testrun__id,testrun_created_at,testrun_updated_at,testrun_test_archive_id,testrun_test_id,testrun_test_schedule_id,testrun_sut_id,testrun_sut_archive_id,testrun_user_id,testrun_test_name,testrun_test_version,testrun_ready_for_execution_at,testrun_completed_at,testrun_server_started_at,testrun_server_ended_at,testrun_finished_execution_at,testrun_abort_date_time,testrun_schedule_date_config,testrun_schedule_line,testrun_schedule_repeat_number,testrun_instances_to_run,testrun_last_5_average_duration,testrun_status_code,testrun_licenses_to_use,testrun_configuration_name,testrun_configuration_description,testrun_agent_to_use,testrun_cache_cleaned,testrun_test_run_number,testrun_test_archive,testrun_test,testrun_schedule,testrun_updates,testrun_servers,testrun_agents,testrun_instances,testrun_test_cases,testrun_sut,testrun_sut_archive,testrun_user,testrun_comments,testruninstance__id,testruninstance_created_at,testruninstance_updated_at,testruninstance_sut_archive_id,testruninstance_sut_id,testruninstance_test_run_server_id,testruninstance_test_run_id,testruninstance_instance_number,testruninstance_ready_for_execution_at,testruninstance_server_started_at,testruninstance_server_completed_at,testruninstance_status_code,testruninstance_result_version,testruninstance_cache_index,testruninstance_sut_archive,testruninstance_instance_executions,testruninstance_log_files,testruninstance_updates,testruninstance_test_cases,testruninstance_sut,testruninstance_test_run_server,testruninstance_test_run,testruninstance_comments,testruninstance_configuration_environment,logfile__id,logfile_created_at,logfile_updated_at,logfile_run_instance_id,logfile_run_instance_execution_id,logfile_path,logfile_highlighted_lines,logfile_comments,logfile_num_errors,logfile_timestamp,logfile__type,logfile_run_instance,logfile_run_instance_execution,logfile_comments,logfile_test_cases,logline_line_number,logline_logged_at,logline_logged_at_tenths,logline_event_name,logline_image_name,logline_location,logline_line,logline_handler_name,logline_script_name_field
6786a9a455f68071ac0014fe,2025-01-14 18:15:00 UTC,2025-01-14 18:16:55 UTC,67863cca55f6803b930013ef,672a216555f6809778000006,672a219e55f680644d000012,,,660186ad55f6802f6100000b,EUC_EpicPRD,"",2025-01-14 18:15:02 UTC,2025-01-14 18:16:55 UTC,2025-01-14 18:15:02 UTC,2025-01-14 18:16:53 UTC,2025-01-14 18:16:54 UTC,2025-01-14 19:15:00 UTC,,Run Every: /15 * * * *,1,1,140,200,1,,,,false,792,67863cca55f6803b930013ef,672a216555f6809778000006,672a219e55f680644d000012,,,,,,,,660186ad55f6802f6100000b,,6786a9a455f68071ac001500,2025-01-14 18:15:00 UTC,2025-01-14 18:16:55 UTC,,,6786a9a455f68071ac0014ff,6786a9a455f68071ac0014fe,1,,2025-01-14 18:15:03 UTC,2025-01-14 18:16:53 UTC,200,7.1,792,,,,,,,6786a9a455f68071ac0014ff,6786a9a455f68071ac0014fe,,,6786aa1755f680b658001504,2025-01-14 18:16:55 UTC,2025-01-14 18:16:55 UTC,,6786a9a455f68071ac001501,C:/TestPlant/cache/em_server/TRS/792/instances/792/suites/EUC.suite/Results/Epic_PRD_TimeStudy/20250114_131518.746/LogFile.txt,[],[],0,2025-01-14 18:15:18 UTC,EpfLogFile,,6786a9a455f68071ac001501,[],,1,2025-01-14T13:15:18-05:00,754 -0500,START,"",Running Epic_PRD_TimeStudy.script,,,
6786a9a455f68071ac0014fe,2025-01-14 18:15:00 UTC,2025-01-14 18:16:55 UTC,67863cca55f6803b930013ef,672a216555f6809778000006,672a219e55f680644d000012,,,660186ad55f6802f6100000b,EUC_EpicPRD,"",2025-01-14 18:15:02 UTC,2025-01-14 18:16:55 UTC,2025-01-14 18:15:02 UTC,2025-01-14 18:16:53 UTC,2025-01-14 18:16:54 UTC,2025-01-14 19:15:00 UTC,,Run Every: /15 * * * *,1,1,140,200,1,,,,false,792,67863cca55f6803b930013ef,672a216555f6809778000006,672a219e55f680644d000012,,,,,,,,660186ad55f6802f6100000b,,6786a9a455f68071ac001500,2025-01-14 18:15:00 UTC,2025-01-14 18:16:55 UTC,,,6786a9a455f68071ac0014ff,6786a9a455f68071ac0014fe,1,,2025-01-14 18:15:03 UTC,2025-01-14 18:16:53 UTC,200,7.1,792,,,,,,,6786a9a455f68071ac0014ff,6786a9a455f68071ac0014fe,,,6786aa1755f680b658001504,2025-01-14 18:16:55 UTC,2025-01-14 18:16:55 UTC,,6786a9a455f68071ac001501,C:/TestPlant/cache/em_server/TRS/792/instances/792/suites/EUC.suite/Results/Epic_PRD_TimeStudy/20250114_131518.746/LogFile.txt,[],[],0,2025-01-14 18:15:18 UTC,EpfLogFile,,6786a9a455f68071ac001501,[],,2,2025-01-14T13:15:18-05:00,806 -0500,Log,"","Workbook(""C:/TestPlant/cache/em_agent/TRS/792/instances/792/suites/EUC.suite/Resources/DataFile.xlsx"")",24,on_epic_prd_timestudy,Epic_PRD_TimeStudy.script
6786a9a455f68071ac0014fe,2025-01-14 18:15:00 UTC,2025-01-14 18:16:55 UTC,67863cca55f6803b930013ef,672a216555f6809778000006,672a219e55f680644d000012,,,660186ad55f6802f6100000b,EUC_EpicPRD,"",2025-01-14 18:15:02 UTC,2025-01-14 18:16:55 UTC,2025-01-14 18:15:02 UTC,2025-01-14 18:16:53 UTC,2025-01-14 18:16:54 UTC,2025-01-14 19:15:00 UTC,,Run Every: /15 * * * *,1,1,140,200,1,,,,false,792,67863cca55f6803b930013ef,672a216555f6809778000006,672a219e55f680644d000012,,,,,,,,660186ad55f6802f6100000b,,6786a9a455f68071ac001500,2025-01-14 18:15:00 UTC,2025-01-14 18:16:55 UTC,,,6786a9a455f68071ac0014ff,6786a9a455f68071ac0014fe,1,,2025-01-14 18:15:03 UTC,2025-01-14 18:16:53 UTC,200,7.1,792,,,,,,,6786a9a455f68071ac0014ff,6786a9a455f68071ac0014fe,,,6786aa1755f680b658001504,2025-01-14 18:16:55 UTC,2025-01-14 18:16:55 UTC,,6786a9a455f68071ac001501,C:/TestPlant/cache/em_server/TRS/792/instances/792/suites/EUC.suite/Results/Epic_PRD_TimeStudy/20250114_131518.746/LogFile.txt,[],[],0,2025-01-14 18:15:18 UTC,EpfLogFile,,6786a9a455f68071ac001501,[],,3,2025-01-14T13:15:18-05:00,812 -0500,Log,"","Worksheet(""Users"") of Workbook(""C:/TestPlant/cache/em_agent/TRS/792/instances/792/suites/EUC.suite/Resources/DataFile.xlsx"")",27,on_epic_prd_timestudy,Epic_PRD_TimeStudy.script
6786a9a455f68071ac0014fe,2025-01-14 18:15:00 UTC,2025-01-14 18:16:55 UTC,67863cca55f6803b930013ef,672a216555f6809778000006,672a219e55f680644d000012,,,660186ad55f6802f6100000b,EUC_EpicPRD,"",2025-01-14 18:15:02 UTC,2025-01-14 18:16:55 UTC,2025-01-14 18:15:02 UTC,2025-01-14 18:16:53 UTC,2025-01-14 18:16:54 UTC,2025-01-14 19:15:00 UTC,,Run Every: /15 * * * *,1,1,140,200,1,,,,false,792,67863cca55f6803b930013ef,672a216555f6809778000006,672a219e55f680644d000012,,,,,,,,660186ad55f6802f6100000b,,6786a9a455f68071ac001500,2025-01-14 18:15:00 UTC,2025-01-14 18:16:55 UTC,,,6786a9a455f68071ac0014ff,6786a9a455f68071ac0014fe,1,,2025-01-14 18:15:03 UTC,2025-01-14 18:16:53 UTC,200,7.1,792,,,,,,,6786a9a455f68071ac0014ff,6786a9a455f68071ac0014fe,,,6786aa1755f680b658001504,2025-01-14 18:16:55 UTC,2025-01-14 18:16:55 UTC,,6786a9a455f68071ac001501,C:/TestPlant/cache/em_server/TRS/792/instances/792/suites/EUC.suite/Results/Epic_PRD_TimeStudy/20250114_131518.746/LogFile.txt,[],[],0,2025-01-14 18:15:18 UTC,EpfLogFile,,6786a9a455f68071ac001501,[],,4,2025-01-14T13:15:18-05:00,815 -0500,Log,"","Worksheet(""Locations"") of Workbook(""C:/TestPlant/cache/em_agent/TRS/792/instances/792/suites/EUC.suite/Resources/DataFile.xlsx"")",30,on_epic_prd_timestudy,Epic_PRD_TimeStudy.script
6786a9a455f68071ac0014fe,2025-01-14 18:15:00 UTC,2025-01-14 18:16:55 UTC,67863cca55f6803b930013ef,672a216555f6809778000006,672a219e55f680644d000012,,,660186ad55f6802f6100000b,EUC_EpicPRD,"",2025-01-14 18:15:02 UTC,2025-01-14 18:16:55 UTC,2025-01-14 18:15:02 UTC,2025-01-14 18:16:53 UTC,2025-01-14 18:16:54 UTC,2025-01-14 19:15:00 UTC,,Run Every: /15 * * * *,1,1,140,200,1,,,,false,792,67863cca55f6803b930013ef,672a216555f6809778000006,672a219e55f680644d000012,,,,,,,,660186ad55f6802f6100000b,,6786a9a455f68071ac001500,2025-01-14 18:15:00 UTC,2025-01-14 18:16:55 UTC,,,6786a9a455f68071ac0014ff,6786a9a455f68071ac0014fe,1,,2025-01-14 18:15:03 UTC,2025-01-14 18:16:53 UTC,200,7.1,792,,,,,,,6786a9a455f68071ac0014ff,6786a9a455f68071ac0014fe,,,6786aa1755f680b658001504,2025-01-14 18:16:55 UTC,2025-01-14 18:16:55 UTC,,6786a9a455f68071ac001501,C:/TestPlant/cache/em_server/TRS/792/instances/792/suites/EUC.suite/Results/Epic_PRD_TimeStudy/20250114_131518.746/LogFile.txt,[],[],0,2025-01-14 18:15:18 UTC,EpfLogFile,,6786a9a455f68071ac001501,[],,5,2025-01-14T13:15:18-05:00,822 -0500,Log,"",SCOUTBEES107,55,on_epic_prd_timestudy,Epic_PRD_TimeStudy.script
6786a9a455f68071ac0014fe,2025-01-14 18:15:00 UTC,2025-01-14 18:16:55 UTC,67863cca55f6803b930013ef,672a216555f6809778000006,672a219e55f680644d000012,,,660186ad55f6802f6100000b,EUC_EpicPRD,"",2025-01-14 18:15:02 UTC,2025-01-14 18:16:55 UTC,2025-01-14 18:15:02 UTC,2025-01-14 18:16:53 UTC,2025-01-14 18:16:54 UTC,2025-01-14 19:15:00 UTC,,Run Every: /15 * * * *,1,1,140,200,1,,,,false,792,67863cca55f6803b930013ef,672a216555f6809778000006,672a219e55f680644d000012,,,,,,,,660186ad55f6802f6100000b,,6786a9a455f68071ac001500,2025-01-14 18:15:00 UTC,2025-01-14 18:16:55 UTC,,,6786a9a455f68071ac0014ff,6786a9a455f68071ac0014fe,1,,2025-01-14 18:15:03 UTC,2025-01-14 18:16:53 UTC,200,7.1,792,,,,,,,6786a9a455f68071ac0014ff,6786a9a455f68071ac0014fe,,,6786aa1755f680b658001504,2025-01-14 18:16:55 UTC,2025-01-14 18:16:55 UTC,,6786a9a455f68071ac001501,C:/TestPlant/cache/em_server/TRS/792/instances/792/suites/EUC.suite/Results/Epic_PRD_TimeStudy/20250114_131518.746/LogFile.txt,[],[],0,2025-01-14 18:15:18 UTC,EpfLogFile,,6786a9a455f68071ac001501,[],,6,2025-01-14T13:15:18-05:00,826 -0500,Log,"",104343007,55,on_epic_prd_timestudy,Epic_PRD_TimeStudy.script
6786a9a455f68071ac0014fe,2025-01-14 18:15:00 UTC,2025-01-14 18:16:55 UTC,67863cca55f6803b930013ef,672a216555f6809778000006,672a219e55f680644d000012,,,660186ad55f6802f6100000b,EUC_EpicPRD,"",2025-01-14 18:15:02 UTC,2025-01-14 18:16:55 UTC,2025-01-14 18:15:02 UTC,2025-01-14 18:16:53 UTC,2025-01-14 18:16:54 UTC,2025-01-14 19:15:00 UTC,,Run Every: /15 * * * *,1,1,140,200,1,,,,false,792,67863cca55f6803b930013ef,672a216555f6809778000006,672a219e55f680644d000012,,,,,,,,660186ad55f6802f6100000b,,6786a9a455f68071ac001500,2025-01-14 18:15:00 UTC,2025-01-14 18:16:55 UTC,,,6786a9a455f68071ac0014ff,6786a9a455f68071ac0014fe,1,,2025-01-14 18:15:03 UTC,2025-01-14 18:16:53 UTC,200,7.1,792,,,,,,,6786a9a455f68071ac0014ff,6786a9a455f68071ac0014fe,,,6786aa1755f680b658001504,2025-01-14 18:16:55 UTC,2025-01-14 18:16:55 UTC,,6786a9a455f68071ac001501,C:/TestPlant/cache/em_server/TRS/792/instances/792/suites/EUC.suite/Results/Epic_PRD_TimeStudy/20250114_131518.746/LogFile.txt,[],[],0,2025-01-14 18:15:18 UTC,EpfLogFile,,6786a9a455f68071ac001501,[],,7,2025-01-14T13:15:20-05:00,695 -0500,Connect,"",SCOUTBEES107:3389,59,on_epic_prd_timestudy,Epic_PRD_TimeStudy.script
6786a9a455f68071ac0014fe,2025-01-14 18:15:00 UTC,2025-01-14 18:16:55 UTC,67863cca55f6803b930013ef,672a216555f6809778000006,672a219e55f680644d000012,,,660186ad55f6802f6100000b,EUC_EpicPRD,"",2025-01-14 18:15:02 UTC,2025-01-14 18:16:55 UTC,2025-01-14 18:15:02 UTC,2025-01-14 18:16:53 UTC,2025-01-14 18:16:54 UTC,2025-01-14 19:15:00 UTC,,Run Every: /15 * * * *,1,1,140,200,1,,,,false,792,67863cca55f6803b930013ef,672a216555f6809778000006,672a219e55f680644d000012,,,,,,,,660186ad55f6802f6100000b,,6786a9a455f68071ac001500,2025-01-14 18:15:00 UTC,2025-01-14 18:16:55 UTC,,,6786a9a455f68071ac0014ff,6786a9a455f68071ac0014fe,1,,2025-01-14 18:15:03 UTC,2025-01-14 18:16:53 UTC,200,7.1,792,,,,,,,6786a9a455f68071ac0014ff,6786a9a455f68071ac0014fe,,,6786aa1755f680b658001504,2025-01-14 18:16:55 UTC,2025-01-14 18:16:55 UTC,,6786a9a455f68071ac001501,C:/TestPlant/cache/em_server/TRS/792/instances/792/suites/EUC.suite/Results/Epic_PRD_TimeStudy/20250114_131518.746/LogFile.txt,[],[],0,2025-01-14 18:15:18 UTC,EpfLogFile,,6786a9a455f68071ac001501,[],,8,2025-01-14T13:15:34-05:00,890 -0500,waitfor,StartButton,"found at (23, 1060)",60,on_epic_prd_timestudy,Epic_PRD_TimeStudy.script
6786a9a455f68071ac0014fe,2025-01-14 18:15:00 UTC,2025-01-14 18:16:55 UTC,67863cca55f6803b930013ef,672a216555f6809778000006,672a219e55f680644d000012,,,660186ad55f6802f6100000b,EUC_EpicPRD,"",2025-01-14 18:15:02 UTC,2025-01-14 18:16:55 UTC,2025-01-14 18:15:02 UTC,2025-01-14 18:16:53 UTC,2025-01-14 18:16:54 UTC,2025-01-14 19:15:00 UTC,,Run Every: /15 * * * *,1,1,140,200,1,,,,false,792,67863cca55f6803b930013ef,672a216555f6809778000006,672a219e55f680644d000012,,,,,,,,660186ad55f6802f6100000b,,6786a9a455f68071ac001500,2025-01-14 18:15:00 UTC,2025-01-14 18:16:55 UTC,,,6786a9a455f68071ac0014ff,6786a9a455f68071ac0014fe,1,,2025-01-14 18:15:03 UTC,2025-01-14 18:16:53 UTC,200,7.1,792,,,,,,,6786a9a455f68071ac0014ff,6786a9a455f68071ac0014fe,,,6786aa1755f680b658001504,2025-01-14 18:16:55 UTC,2025-01-14 18:16:55 UTC,,6786a9a455f68071ac001501,C:/TestPlant/cache/em_server/TRS/792/instances/792/suites/EUC.suite/Results/Epic_PRD_TimeStudy/20250114_131518.746/LogFile.txt,[],[],0,2025-01-14 18:15:18 UTC,EpfLogFile,,6786a9a455f68071ac001501,[],,9,2025-01-14T13:15:34-05:00,900 -0500,Log,"",01:15 PM,63,on_epic_prd_timestudy,Epic_PRD_TimeStudy.script
6786a9a455f68071ac0014fe,2025-01-14 18:15:00 UTC,2025-01-14 18:16:55 UTC,67863cca55f6803b930013ef,672a216555f6809778000006,672a219e55f680644d000012,,,660186ad55f6802f6100000b,EUC_EpicPRD,"",2025-01-14 18:15:02 UTC,2025-01-14 18:16:55 UTC,2025-01-14 18:15:02 UTC,2025-01-14 18:16:53 UTC,2025-01-14 18:16:54 UTC,2025-01-14 19:15:00 UTC,,Run Every: /15 * * * *,1,1,140,200,1,,,,false,792,67863cca55f6803b930013ef,672a216555f6809778000006,672a219e55f680644d000012,,,,,,,,660186ad55f6802f6100000b,,6786a9a455f68071ac001500,2025-01-14 18:15:00 UTC,2025-01-14 18:16:55 UTC,,,6786a9a455f68071ac0014ff,6786a9a455f68071ac0014fe,1,,2025-01-14 18:15:03 UTC,2025-01-14 18:16:53 UTC,200,7.1,792,,,,,,,6786a9a455f68071ac0014ff,6786a9a455f68071ac0014fe,,,6786aa1755f680b658001504,2025-01-14 18:16:55 UTC,2025-01-14 18:16:55 UTC,,6786a9a455f68071ac001501,C:/TestPlant/cache/em_server/TRS/792/instances/792/suites/EUC.suite/Results/Epic_PRD_TimeStudy/20250114_131518.746/LogFile.txt,[],[],0,2025-01-14 18:15:18 UTC,EpfLogFile,,6786a9a455f68071ac001501,[],,10,2025-01-14T13:15:34-05:00,974 -0500,imagefound,UHApps,"found at (612, 1060)",67,on_epic_prd_timestudy,Epic_PRD_TimeStudy.script
6786a9a455f68071ac0014fe,2025-01-14 18:15:00 UTC,2025-01-14 18:16:55 UTC,67863cca55f6803b930013ef,672a216555f6809778000006,672a219e55f680644d000012,,,660186ad55f6802f6100000b,EUC_EpicPRD,"",2025-01-14 18:15:02 UTC,2025-01-14 18:16:55 UTC,2025-01-14 18:15:02 UTC,2025-01-14 18:16:53 UTC,2025-01-14 18:16:54 UTC,2025-01-14 19:15:00 UTC,,Run Every: /15 * * * *,1,1,140,200,1,,,,false,792,67863cca55f6803b930013ef,672a216555f6809778000006,672a219e55f680644d000012,,,,,,,,660186ad55f6802f6100000b,,6786a9a455f68071ac001500,2025-01-14 18:15:00 UTC,2025-01-14 18:16:55 UTC,,,6786a9a455f68071ac0014ff,6786a9a455f68071ac0014fe,1,,2025-01-14 18:15:03 UTC,2025-01-14 18:16:53 UTC,200,7.1,792,,,,,,,6786a9a455f68071ac0014ff,6786a9a455f68071ac0014fe,,,6786aa1755f680b658001504,2025-01-14 18:16:55 UTC,2025-01-14 18:16:55 UTC,,6786a9a455f68071ac001501,C:/TestPlant/cache/em_server/TRS/792/instances/792/suites/EUC.suite/Results/Epic_PRD_TimeStudy/20250114_131518.746/LogFile.txt,[],[],0,2025-01-14 18:15:18 UTC,EpfLogFile,,6786a9a455f68071ac001501,[],,11,2025-01-14T13:15:35-05:00,063 -0500,click,"","at (612, 1060)",69,on_epic_prd_timestudy,Epic_PRD_TimeStudy.script
6786a9a455f68071ac0014fe,2025-01-14 18:15:00 UTC,2025-01-14 18:16:55 UTC,67863cca55f6803b930013ef,672a216555f6809778000006,672a219e55f680644d000012,,,660186ad55f6802f6100000b,EUC_EpicPRD,"",2025-01-14 18:15:02 UTC,2025-01-14 18:16:55 UTC,2025-01-14 18:15:02 UTC,2025-01-14 18:16:53 UTC,2025-01-14 18:16:54 UTC,2025-01-14 19:15:00 UTC,,Run Every: /15 * * * *,1,1,140,200,1,,,,false,792,67863cca55f6803b930013ef,672a216555f6809778000006,672a219e55f680644d000012,,,,,,,,660186ad55f6802f6100000b,,6786a9a455f68071ac001500,2025-01-14 18:15:00 UTC,2025-01-14 18:16:55 UTC,,,6786a9a455f68071ac0014ff,6786a9a455f68071ac0014fe,1,,2025-01-14 18:15:03 UTC,2025-01-14 18:16:53 UTC,200,7.1,792,,,,,,,6786a9a455f68071ac0014ff,6786a9a455f68071ac0014fe,,,6786aa1755f680b658001504,2025-01-14 18:16:55 UTC,2025-01-14 18:16:55 UTC,,6786a9a455f68071ac001501,C:/TestPlant/cache/em_server/TRS/792/instances/792/suites/EUC.suite/Results/Epic_PRD_TimeStudy/20250114_131518.746/LogFile.txt,[],[],0,2025-01-14 18:15:18 UTC,EpfLogFile,,6786a9a455f68071ac001501,[],,12,2025-01-14T13:15:38-05:00,453 -0500,waitfor,UHApps_SignIn_Active,"found at (481, 641)",73,on_epic_prd_timestudy,Epic_PRD_TimeStudy.script
6786a9a455f68071ac0014fe,2025-01-14 18:15:00 UTC,2025-01-14 18:16:55 UTC,67863cca55f6803b930013ef,672a216555f6809778000006,672a219e55f680644d000012,,,660186ad55f6802f6100000b,EUC_EpicPRD,"",2025-01-14 18:15:02 UTC,2025-01-14 18:16:55 UTC,2025-01-14 18:15:02 UTC,2025-01-14 18:16:53 UTC,2025-01-14 18:16:54 UTC,2025-01-14 19:15:00 UTC,,Run Every: /15 * * * *,1,1,140,200,1,,,,false,792,67863cca55f6803b930013ef,672a216555f6809778000006,672a219e55f680644d000012,,,,,,,,660186ad55f6802f6100000b,,6786a9a455f68071ac001500,2025-01-14 18:15:00 UTC,2025-01-14 18:16:55 UTC,,,6786a9a455f68071ac0014ff,6786a9a455f68071ac0014fe,1,,2025-01-14 18:15:03 UTC,2025-01-14 18:16:53 UTC,200,7.1,792,,,,,,,6786a9a455f68071ac0014ff,6786a9a455f68071ac0014fe,,,6786aa1755f680b658001504,2025-01-14 18:16:55 UTC,2025-01-14 18:16:55 UTC,,6786a9a455f68071ac001501,C:/TestPlant/cache/em_server/TRS/792/instances/792/suites/EUC.suite/Results/Epic_PRD_TimeStudy/20250114_131518.746/LogFile.txt,[],[],0,2025-01-14 18:15:18 UTC,EpfLogFile,,6786a9a455f68071ac001501,[],,13,2025-01-14T13:15:38-05:00,459 -0500,Log,"",3.479 seconds,75,on_epic_prd_timestudy,Epic_PRD_TimeStudy.script
6786a9a455f68071ac0014fe,2025-01-14 18:15:00 UTC,2025-01-14 18:16:55 UTC,67863cca55f6803b930013ef,672a216555f6809778000006,672a219e55f680644d000012,,,660186ad55f6802f6100000b,EUC_EpicPRD,"",2025-01-14 18:15:02 UTC,2025-01-14 18:16:55 UTC,2025-01-14 18:15:02 UTC,2025-01-14 18:16:53 UTC,2025-01-14 18:16:54 UTC,2025-01-14 19:15:00 UTC,,Run Every: /15 * * * *,1,1,140,200,1,,,,false,792,67863cca55f6803b930013ef,672a216555f6809778000006,672a219e55f680644d000012,,,,,,,,660186ad55f6802f6100000b,,6786a9a455f68071ac001500,2025-01-14 18:15:00 UTC,2025-01-14 18:16:55 UTC,,,6786a9a455f68071ac0014ff,6786a9a455f68071ac0014fe,1,,2025-01-14 18:15:03 UTC,2025-01-14 18:16:53 UTC,200,7.1,792,,,,,,,6786a9a455f68071ac0014ff,6786a9a455f68071ac0014fe,,,6786aa1755f680b658001504,2025-01-14 18:16:55 UTC,2025-01-14 18:16:55 UTC,,6786a9a455f68071ac001501,C:/TestPlant/cache/em_server/TRS/792/instances/792/suites/EUC.suite/Results/Epic_PRD_TimeStudy/20250114_131518.746/LogFile.txt,[],[],0,2025-01-14 18:15:18 UTC,EpfLogFile,,6786a9a455f68071ac001501,[],,14,2025-01-14T13:15:38-05:00,485 -0500,typetext,"",[windowsKey][upArrow],76,on_epic_prd_timestudy,Epic_PRD_TimeStudy.script
6786a9a455f68071ac0014fe,2025-01-14 18:15:00 UTC,2025-01-14 18:16:55 UTC,67863cca55f6803b930013ef,672a216555f6809778000006,672a219e55f680644d000012,,,660186ad55f6802f6100000b,EUC_EpicPRD,"",2025-01-14 18:15:02 UTC,2025-01-14 18:16:55 UTC,2025-01-14 18:15:02 UTC,2025-01-14 18:16:53 UTC,2025-01-14 18:16:54 UTC,2025-01-14 19:15:00 UTC,,Run Every: /15 * * * *,1,1,140,200,1,,,,false,792,67863cca55f6803b930013ef,672a216555f6809778000006,672a219e55f680644d000012,,,,,,,,660186ad55f6802f6100000b,,6786a9a455f68071ac001500,2025-01-14 18:15:00 UTC,2025-01-14 18:16:55 UTC,,,6786a9a455f68071ac0014ff,6786a9a455f68071ac0014fe,1,,2025-01-14 18:15:03 UTC,2025-01-14 18:16:53 UTC,200,7.1,792,,,,,,,6786a9a455f68071ac0014ff,6786a9a455f68071ac0014fe,,,6786aa1755f680b658001504,2025-01-14 18:16:55 UTC,2025-01-14 18:16:55 UTC,,6786a9a455f68071ac001501,C:/TestPlant/cache/em_server/TRS/792/instances/792/suites/EUC.suite/Results/Epic_PRD_TimeStudy/20250114_131518.746/LogFile.txt,[],[],0,2025-01-14 18:15:18 UTC,EpfLogFile,,6786a9a455f68071ac001501,[],,15,2025-01-14T13:15:38-05:00,518 -0500,waitfor,Logo_vmware,"found at (480, 750)",77,on_epic_prd_timestudy,Epic_PRD_TimeStudy.script
6786a9a455f68071ac0014fe,2025-01-14 18:15:00 UTC,2025-01-14 18:16:55 UTC,67863cca55f6803b930013ef,672a216555f6809778000006,672a219e55f680644d000012,,,660186ad55f6802f6100000b,EUC_EpicPRD,"",2025-01-14 18:15:02 UTC,2025-01-14 18:16:55 UTC,2025-01-14 18:15:02 UTC,2025-01-14 18:16:53 UTC,2025-01-14 18:16:54 UTC,2025-01-14 19:15:00 UTC,,Run Every: /15 * * * *,1,1,140,200,1,,,,false,792,67863cca55f6803b930013ef,672a216555f6809778000006,672a219e55f680644d000012,,,,,,,,660186ad55f6802f6100000b,,6786a9a455f68071ac001500,2025-01-14 18:15:00 UTC,2025-01-14 18:16:55 UTC,,,6786a9a455f68071ac0014ff,6786a9a455f68071ac0014fe,1,,2025-01-14 18:15:03 UTC,2025-01-14 18:16:53 UTC,200,7.1,792,,,,,,,6786a9a455f68071ac0014ff,6786a9a455f68071ac0014fe,,,6786aa1755f680b658001504,2025-01-14 18:16:55 UTC,2025-01-14 18:16:55 UTC,,6786a9a455f68071ac001501,C:/TestPlant/cache/em_server/TRS/792/instances/792/suites/EUC.suite/Results/Epic_PRD_TimeStudy/20250114_131518.746/LogFile.txt,[],[],0,2025-01-14 18:15:18 UTC,EpfLogFile,,6786a9a455f68071ac001501,[],,16,2025-01-14T13:15:39-05:00,269 -0500,click,"","at (480, 750)",78,on_epic_prd_timestudy,Epic_PRD_TimeStudy.script
6786a9a455f68071ac0014fe,2025-01-14 18:15:00 UTC,2025-01-14 18:16:55 UTC,67863cca55f6803b930013ef,672a216555f6809778000006,672a219e55f680644d000012,,,660186ad55f6802f6100000b,EUC_EpicPRD,"",2025-01-14 18:15:02 UTC,2025-01-14 18:16:55 UTC,2025-01-14 18:15:02 UTC,2025-01-14 18:16:53 UTC,2025-01-14 18:16:54 UTC,2025-01-14 19:15:00 UTC,,Run Every: /15 * * * *,1,1,140,200,1,,,,false,792,67863cca55f6803b930013ef,672a216555f6809778000006,672a219e55f680644d000012,,,,,,,,660186ad55f6802f6100000b,,6786a9a455f68071ac001500,2025-01-14 18:15:00 UTC,2025-01-14 18:16:55 UTC,,,6786a9a455f68071ac0014ff,6786a9a455f68071ac0014fe,1,,2025-01-14 18:15:03 UTC,2025-01-14 18:16:53 UTC,200,7.1,792,,,,,,,6786a9a455f68071ac0014ff,6786a9a455f68071ac0014fe,,,6786aa1755f680b658001504,2025-01-14 18:16:55 UTC,2025-01-14 18:16:55 UTC,,6786a9a455f68071ac001501,C:/TestPlant/cache/em_server/TRS/792/instances/792/suites/EUC.suite/Results/Epic_PRD_TimeStudy/20250114_131518.746/LogFile.txt,[],[],0,2025-01-14 18:15:18 UTC,EpfLogFile,,6786a9a455f68071ac001501,[],,17,2025-01-14T13:15:40-05:00,128 -0500,click,Textbox_UHApps_username,"at (854, 479)",81,on_epic_prd_timestudy,Epic_PRD_TimeStudy.script
6786a9a455f68071ac0014fe,2025-01-14 18:15:00 UTC,2025-01-14 18:16:55 UTC,67863cca55f6803b930013ef,672a216555f6809778000006,672a219e55f680644d000012,,,660186ad55f6802f6100000b,EUC_EpicPRD,"",2025-01-14 18:15:02 UTC,2025-01-14 18:16:55 UTC,2025-01-14 18:15:02 UTC,2025-01-14 18:16:53 UTC,2025-01-14 18:16:54 UTC,2025-01-14 19:15:00 UTC,,Run Every: /15 * * * *,1,1,140,200,1,,,,false,792,67863cca55f6803b930013ef,672a216555f6809778000006,672a219e55f680644d000012,,,,,,,,660186ad55f6802f6100000b,,6786a9a455f68071ac001500,2025-01-14 18:15:00 UTC,2025-01-14 18:16:55 UTC,,,6786a9a455f68071ac0014ff,6786a9a455f68071ac0014fe,1,,2025-01-14 18:15:03 UTC,2025-01-14 18:16:53 UTC,200,7.1,792,,,,,,,6786a9a455f68071ac0014ff,6786a9a455f68071ac0014fe,,,6786aa1755f680b658001504,2025-01-14 18:16:55 UTC,2025-01-14 18:16:55 UTC,,6786a9a455f68071ac001501,C:/TestPlant/cache/em_server/TRS/792/instances/792/suites/EUC.suite/Results/Epic_PRD_TimeStudy/20250114_131518.746/LogFile.txt,[],[],0,2025-01-14 18:15:18 UTC,EpfLogFile,,6786a9a455f68071ac001501,[],,18,2025-01-14T13:15:40-05:00,998 -0500,typetext,"",svc_eggplt10[tab],82,on_epic_prd_timestudy,Epic_PRD_TimeStudy.script
6786a9a455f68071ac0014fe,2025-01-14 18:15:00 UTC,2025-01-14 18:16:55 UTC,67863cca55f6803b930013ef,672a216555f6809778000006,672a219e55f680644d000012,,,660186ad55f6802f6100000b,EUC_EpicPRD,"",2025-01-14 18:15:02 UTC,2025-01-14 18:16:55 UTC,2025-01-14 18:15:02 UTC,2025-01-14 18:16:53 UTC,2025-01-14 18:16:54 UTC,2025-01-14 19:15:00 UTC,,Run Every: /15 * * * *,1,1,140,200,1,,,,false,792,67863cca55f6803b930013ef,672a216555f6809778000006,672a219e55f680644d000012,,,,,,,,660186ad55f6802f6100000b,,6786a9a455f68071ac001500,2025-01-14 18:15:00 UTC,2025-01-14 18:16:55 UTC,,,6786a9a455f68071ac0014ff,6786a9a455f68071ac0014fe,1,,2025-01-14 18:15:03 UTC,2025-01-14 18:16:53 UTC,200,7.1,792,,,,,,,6786a9a455f68071ac0014ff,6786a9a455f68071ac0014fe,,,6786aa1755f680b658001504,2025-01-14 18:16:55 UTC,2025-01-14 18:16:55 UTC,,6786a9a455f68071ac001501,C:/TestPlant/cache/em_server/TRS/792/instances/792/suites/EUC.suite/Results/Epic_PRD_TimeStudy/20250114_131518.746/LogFile.txt,[],[],0,2025-01-14 18:15:18 UTC,EpfLogFile,,6786a9a455f68071ac001501,[],,19,2025-01-14T13:15:41-05:00,972 -0500,typeencodedtext,"",<Encoded Text>,83,on_epic_prd_timestudy,Epic_PRD_TimeStudy.script
6786a9a455f68071ac0014fe,2025-01-14 18:15:00 UTC,2025-01-14 18:16:55 UTC,67863cca55f6803b930013ef,672a216555f6809778000006,672a219e55f680644d000012,,,660186ad55f6802f6100000b,EUC_EpicPRD,"",2025-01-14 18:15:02 UTC,2025-01-14 18:16:55 UTC,2025-01-14 18:15:02 UTC,2025-01-14 18:16:53 UTC,2025-01-14 18:16:54 UTC,2025-01-14 19:15:00 UTC,,Run Every: /15 * * * *,1,1,140,200,1,,,,false,792,67863cca55f6803b930013ef,672a216555f6809778000006,672a219e55f680644d000012,,,,,,,,660186ad55f6802f6100000b,,6786a9a455f68071ac001500,2025-01-14 18:15:00 UTC,2025-01-14 18:16:55 UTC,,,6786a9a455f68071ac0014ff,6786a9a455f68071ac0014fe,1,,2025-01-14 18:15:03 UTC,2025-01-14 18:16:53 UTC,200,7.1,792,,,,,,,6786a9a455f68071ac0014ff,6786a9a455f68071ac0014fe,,,6786aa1755f680b658001504,2025-01-14 18:16:55 UTC,2025-01-14 18:16:55 UTC,,6786a9a455f68071ac001501,C:/TestPlant/cache/em_server/TRS/792/instances/792/suites/EUC.suite/Results/Epic_PRD_TimeStudy/20250114_131518.746/LogFile.txt,[],[],0,2025-01-14 18:15:18 UTC,EpfLogFile,,6786a9a455f68071ac001501,[],,20,2025-01-14T13:15:42-05:00,710 -0500,imagefound,UHApps_SignIn_Active,"found at (958, 641)",85,on_epic_prd_timestudy,Epic_PRD_TimeStudy.script
6786a9a455f68071ac0014fe,2025-01-14 18:15:00 UTC,2025-01-14 18:16:55 UTC,67863cca55f6803b930013ef,672a216555f6809778000006,672a219e55f680644d000012,,,660186ad55f6802f6100000b,EUC_EpicPRD,"",2025-01-14 18:15:02 UTC,2025-01-14 18:16:55 UTC,2025-01-14 18:15:02 UTC,2025-01-14 18:16:53 UTC,2025-01-14 18:16:54 UTC,2025-01-14 19:15:00 UTC,,Run Every: /15 * * * *,1,1,140,200,1,,,,false,792,67863cca55f6803b930013ef,672a216555f6809778000006,672a219e55f680644d000012,,,,,,,,660186ad55f6802f6100000b,,6786a9a455f68071ac001500,2025-01-14 18:15:00 UTC,2025-01-14 18:16:55 UTC,,,6786a9a455f68071ac0014ff,6786a9a455f68071ac0014fe,1,,2025-01-14 18:15:03 UTC,2025-01-14 18:16:53 UTC,200,7.1,792,,,,,,,6786a9a455f68071ac0014ff,6786a9a455f68071ac0014fe,,,6786aa1755f680b658001504,2025-01-14 18:16:55 UTC,2025-01-14 18:16:55 UTC,,6786a9a455f68071ac001501,C:/TestPlant/cache/em_server/TRS/792/instances/792/suites/EUC.suite/Results/Epic_PRD_TimeStudy/20250114_131518.746/LogFile.txt,[],[],0,2025-01-14 18:15:18 UTC,EpfLogFile,,6786a9a455f68071ac001501,[],,21,2025-01-14T13:15:42-05:00,799 -0500,click,"","at (958, 641)",87,on_epic_prd_timestudy,Epic_PRD_TimeStudy.script
6786a9a455f68071ac0014fe,2025-01-14 18:15:00 UTC,2025-01-14 18:16:55 UTC,67863cca55f6803b930013ef,672a216555f6809778000006,672a219e55f680644d000012,,,660186ad55f6802f6100000b,EUC_EpicPRD,"",2025-01-14 18:15:02 UTC,2025-01-14 18:16:55 UTC,2025-01-14 18:15:02 UTC,2025-01-14 18:16:53 UTC,2025-01-14 18:16:54 UTC,2025-01-14 19:15:00 UTC,,Run Every: /15 * * * *,1,1,140,200,1,,,,false,792,67863cca55f6803b930013ef,672a216555f6809778000006,672a219e55f680644d000012,,,,,,,,660186ad55f6802f6100000b,,6786a9a455f68071ac001500,2025-01-14 18:15:00 UTC,2025-01-14 18:16:55 UTC,,,6786a9a455f68071ac0014ff,6786a9a455f68071ac0014fe,1,,2025-01-14 18:15:03 UTC,2025-01-14 18:16:53 UTC,200,7.1,792,,,,,,,6786a9a455f68071ac0014ff,6786a9a455f68071ac0014fe,,,6786aa1755f680b658001504,2025-01-14 18:16:55 UTC,2025-01-14 18:16:55 UTC,,6786a9a455f68071ac001501,C:/TestPlant/cache/em_server/TRS/792/instances/792/suites/EUC.suite/Results/Epic_PRD_TimeStudy/20250114_131518.746/LogFile.txt,[],[],0,2025-01-14 18:15:18 UTC,EpfLogFile,,6786a9a455f68071ac001501,[],,22,2025-01-14T13:15:47-05:00,860 -0500,waitfor,"(TEXT:""Search Apps"")","found #1 at (654, 135)",90,on_epic_prd_timestudy,Epic_PRD_TimeStudy.script
6786a9a455f68071ac0014fe,2025-01-14 18:15:00 UTC,2025-01-14 18:16:55 UTC,67863cca55f6803b930013ef,672a216555f6809778000006,672a219e55f680644d000012,,,660186ad55f6802f6100000b,EUC_EpicPRD,"",2025-01-14 18:15:02 UTC,2025-01-14 18:16:55 UTC,2025-01-14 18:15:02 UTC,2025-01-14 18:16:53 UTC,2025-01-14 18:16:54 UTC,2025-01-14 19:15:00 UTC,,Run Every: /15 * * * *,1,1,140,200,1,,,,false,792,67863cca55f6803b930013ef,672a216555f6809778000006,672a219e55f680644d000012,,,,,,,,660186ad55f6802f6100000b,,6786a9a455f68071ac001500,2025-01-14 18:15:00 UTC,2025-01-14 18:16:55 UTC,,,6786a9a455f68071ac0014ff,6786a9a455f68071ac0014fe,1,,2025-01-14 18:15:03 UTC,2025-01-14 18:16:53 UTC,200,7.1,792,,,,,,,6786a9a455f68071ac0014ff,6786a9a455f68071ac0014fe,,,6786aa1755f680b658001504,2025-01-14 18:16:55 UTC,2025-01-14 18:16:55 UTC,,6786a9a455f68071ac001501,C:/TestPlant/cache/em_server/TRS/792/instances/792/suites/EUC.suite/Results/Epic_PRD_TimeStudy/20250114_131518.746/LogFile.txt,[],[],0,2025-01-14 18:15:18 UTC,EpfLogFile,,6786a9a455f68071ac001501,[],,23,2025-01-14T13:15:47-05:00,870 -0500,Log,"",5.155 seconds,92,on_epic_prd_timestudy,Epic_PRD_TimeStudy.script
6786a9a455f68071ac0014fe,2025-01-14 18:15:00 UTC,2025-01-14 18:16:55 UTC,67863cca55f6803b930013ef,672a216555f6809778000006,672a219e55f680644d000012,,,660186ad55f6802f6100000b,EUC_EpicPRD,"",2025-01-14 18:15:02 UTC,2025-01-14 18:16:55 UTC,2025-01-14 18:15:02 UTC,2025-01-14 18:16:53 UTC,2025-01-14 18:16:54 UTC,2025-01-14 19:15:00 UTC,,Run Every: /15 * * * *,1,1,140,200,1,,,,false,792,67863cca55f6803b930013ef,672a216555f6809778000006,672a219e55f680644d000012,,,,,,,,660186ad55f6802f6100000b,,6786a9a455f68071ac001500,2025-01-14 18:15:00 UTC,2025-01-14 18:16:55 UTC,,,6786a9a455f68071ac0014ff,6786a9a455f68071ac0014fe,1,,2025-01-14 18:15:03 UTC,2025-01-14 18:16:53 UTC,200,7.1,792,,,,,,,6786a9a455f68071ac0014ff,6786a9a455f68071ac0014fe,,,6786aa1755f680b658001504,2025-01-14 18:16:55 UTC,2025-01-14 18:16:55 UTC,,6786a9a455f68071ac001501,C:/TestPlant/cache/em_server/TRS/792/instances/792/suites/EUC.suite/Results/Epic_PRD_TimeStudy/20250114_131518.746/LogFile.txt,[],[],0,2025-01-14 18:15:18 UTC,EpfLogFile,,6786a9a455f68071ac001501,[],,24,2025-01-14T13:15:47-05:00,903 -0500,imagefound,Epic_HyperspacePRD,"found at (582, 378)",95,on_epic_prd_timestudy,Epic_PRD_TimeStudy.script
6786a9a455f68071ac0014fe,2025-01-14 18:15:00 UTC,2025-01-14 18:16:55 UTC,67863cca55f6803b930013ef,672a216555f6809778000006,672a219e55f680644d000012,,,660186ad55f6802f6100000b,EUC_EpicPRD,"",2025-01-14 18:15:02 UTC,2025-01-14 18:16:55 UTC,2025-01-14 18:15:02 UTC,2025-01-14 18:16:53 UTC,2025-01-14 18:16:54 UTC,2025-01-14 19:15:00 UTC,,Run Every: /15 * * * *,1,1,140,200,1,,,,false,792,67863cca55f6803b930013ef,672a216555f6809778000006,672a219e55f680644d000012,,,,,,,,660186ad55f6802f6100000b,,6786a9a455f68071ac001500,2025-01-14 18:15:00 UTC,2025-01-14 18:16:55 UTC,,,6786a9a455f68071ac0014ff,6786a9a455f68071ac0014fe,1,,2025-01-14 18:15:03 UTC,2025-01-14 18:16:53 UTC,200,7.1,792,,,,,,,6786a9a455f68071ac0014ff,6786a9a455f68071ac0014fe,,,6786aa1755f680b658001504,2025-01-14 18:16:55 UTC,2025-01-14 18:16:55 UTC,,6786a9a455f68071ac001501,C:/TestPlant/cache/em_server/TRS/792/instances/792/suites/EUC.suite/Results/Epic_PRD_TimeStudy/20250114_131518.746/LogFile.txt,[],[],0,2025-01-14 18:15:18 UTC,EpfLogFile,,6786a9a455f68071ac001501,[],,25,2025-01-14T13:15:47-05:00,906 -0500,Log,"",The EPIC PRD shortcut is already visible!,96,on_epic_prd_timestudy,Epic_PRD_TimeStudy.script
6786a9a455f68071ac0014fe,2025-01-14 18:15:00 UTC,2025-01-14 18:16:55 UTC,67863cca55f6803b930013ef,672a216555f6809778000006,672a219e55f680644d000012,,,660186ad55f6802f6100000b,EUC_EpicPRD,"",2025-01-14 18:15:02 UTC,2025-01-14 18:16:55 UTC,2025-01-14 18:15:02 UTC,2025-01-14 18:16:53 UTC,2025-01-14 18:16:54 UTC,2025-01-14 19:15:00 UTC,,Run Every: /15 * * * *,1,1,140,200,1,,,,false,792,67863cca55f6803b930013ef,672a216555f6809778000006,672a219e55f680644d000012,,,,,,,,660186ad55f6802f6100000b,,6786a9a455f68071ac001500,2025-01-14 18:15:00 UTC,2025-01-14 18:16:55 UTC,,,6786a9a455f68071ac0014ff,6786a9a455f68071ac0014fe,1,,2025-01-14 18:15:03 UTC,2025-01-14 18:16:53 UTC,200,7.1,792,,,,,,,6786a9a455f68071ac0014ff,6786a9a455f68071ac0014fe,,,6786aa1755f680b658001504,2025-01-14 18:16:55 UTC,2025-01-14 18:16:55 UTC,,6786a9a455f68071ac001501,C:/TestPlant/cache/em_server/TRS/792/instances/792/suites/EUC.suite/Results/Epic_PRD_TimeStudy/20250114_131518.746/LogFile.txt,[],[],0,2025-01-14 18:15:18 UTC,EpfLogFile,,6786a9a455f68071ac001501,[],,26,2025-01-14T13:15:47-05:00,991 -0500,click,"","at (582, 378)",105,on_epic_prd_timestudy,Epic_PRD_TimeStudy.script
6786a9a455f68071ac0014fe,2025-01-14 18:15:00 UTC,2025-01-14 18:16:55 UTC,67863cca55f6803b930013ef,672a216555f6809778000006,672a219e55f680644d000012,,,660186ad55f6802f6100000b,EUC_EpicPRD,"",2025-01-14 18:15:02 UTC,2025-01-14 18:16:55 UTC,2025-01-14 18:15:02 UTC,2025-01-14 18:16:53 UTC,2025-01-14 18:16:54 UTC,2025-01-14 19:15:00 UTC,,Run Every: /15 * * * *,1,1,140,200,1,,,,false,792,67863cca55f6803b930013ef,672a216555f6809778000006,672a219e55f680644d000012,,,,,,,,660186ad55f6802f6100000b,,6786a9a455f68071ac001500,2025-01-14 18:15:00 UTC,2025-01-14 18:16:55 UTC,,,6786a9a455f68071ac0014ff,6786a9a455f68071ac0014fe,1,,2025-01-14 18:15:03 UTC,2025-01-14 18:16:53 UTC,200,7.1,792,,,,,,,6786a9a455f68071ac0014ff,6786a9a455f68071ac0014fe,,,6786aa1755f680b658001504,2025-01-14 18:16:55 UTC,2025-01-14 18:16:55 UTC,,6786a9a455f68071ac001501,C:/TestPlant/cache/em_server/TRS/792/instances/792/suites/EUC.suite/Results/Epic_PRD_TimeStudy/20250114_131518.746/LogFile.txt,[],[],0,2025-01-14 18:15:18 UTC,EpfLogFile,,6786a9a455f68071ac001501,[],,27,2025-01-14T13:16:16-05:00,184 -0500,waitfor,Button_Hyperspace_SunAndMoon,"found at (1885, 1005)",106,on_epic_prd_timestudy,Epic_PRD_TimeStudy.script
6786a9a455f68071ac0014fe,2025-01-14 18:15:00 UTC,2025-01-14 18:16:55 UTC,67863cca55f6803b930013ef,672a216555f6809778000006,672a219e55f680644d000012,,,660186ad55f6802f6100000b,EUC_EpicPRD,"",2025-01-14 18:15:02 UTC,2025-01-14 18:16:55 UTC,2025-01-14 18:15:02 UTC,2025-01-14 18:16:53 UTC,2025-01-14 18:16:54 UTC,2025-01-14 19:15:00 UTC,,Run Every: /15 * * * *,1,1,140,200,1,,,,false,792,67863cca55f6803b930013ef,672a216555f6809778000006,672a219e55f680644d000012,,,,,,,,660186ad55f6802f6100000b,,6786a9a455f68071ac001500,2025-01-14 18:15:00 UTC,2025-01-14 18:16:55 UTC,,,6786a9a455f68071ac0014ff,6786a9a455f68071ac0014fe,1,,2025-01-14 18:15:03 UTC,2025-01-14 18:16:53 UTC,200,7.1,792,,,,,,,6786a9a455f68071ac0014ff,6786a9a455f68071ac0014fe,,,6786aa1755f680b658001504,2025-01-14 18:16:55 UTC,2025-01-14 18:16:55 UTC,,6786a9a455f68071ac001501,C:/TestPlant/cache/em_server/TRS/792/instances/792/suites/EUC.suite/Results/Epic_PRD_TimeStudy/20250114_131518.746/LogFile.txt,[],[],0,2025-01-14 18:15:18 UTC,EpfLogFile,,6786a9a455f68071ac001501,[],,28,2025-01-14T13:16:16-05:00,200 -0500,Log,"",28.291 seconds,108,on_epic_prd_timestudy,Epic_PRD_TimeStudy.script
6786a9a455f68071ac0014fe,2025-01-14 18:15:00 UTC,2025-01-14 18:16:55 UTC,67863cca55f6803b930013ef,672a216555f6809778000006,672a219e55f680644d000012,,,660186ad55f6802f6100000b,EUC_EpicPRD,"",2025-01-14 18:15:02 UTC,2025-01-14 18:16:55 UTC,2025-01-14 18:15:02 UTC,2025-01-14 18:16:53 UTC,2025-01-14 18:16:54 UTC,2025-01-14 19:15:00 UTC,,Run Every: /15 * * * *,1,1,140,200,1,,,,false,792,67863cca55f6803b930013ef,672a216555f6809778000006,672a219e55f680644d000012,,,,,,,,660186ad55f6802f6100000b,,6786a9a455f68071ac001500,2025-01-14 18:15:00 UTC,2025-01-14 18:16:55 UTC,,,6786a9a455f68071ac0014ff,6786a9a455f68071ac0014fe,1,,2025-01-14 18:15:03 UTC,2025-01-14 18:16:53 UTC,200,7.1,792,,,,,,,6786a9a455f68071ac0014ff,6786a9a455f68071ac0014fe,,,6786aa1755f680b658001504,2025-01-14 18:16:55 UTC,2025-01-14 18:16:55 UTC,,6786a9a455f68071ac001501,C:/TestPlant/cache/em_server/TRS/792/instances/792/suites/EUC.suite/Results/Epic_PRD_TimeStudy/20250114_131518.746/LogFile.txt,[],[],0,2025-01-14 18:15:18 UTC,EpfLogFile,,6786a9a455f68071ac001501,[],,29,2025-01-14T13:16:16-05:00,225 -0500,typetext,"",[windowsKey][upArrow],109,on_epic_prd_timestudy,Epic_PRD_TimeStudy.script
6786a9a455f68071ac0014fe,2025-01-14 18:15:00 UTC,2025-01-14 18:16:55 UTC,67863cca55f6803b930013ef,672a216555f6809778000006,672a219e55f680644d000012,,,660186ad55f6802f6100000b,EUC_EpicPRD,"",2025-01-14 18:15:02 UTC,2025-01-14 18:16:55 UTC,2025-01-14 18:15:02 UTC,2025-01-14 18:16:53 UTC,2025-01-14 18:16:54 UTC,2025-01-14 19:15:00 UTC,,Run Every: /15 * * * *,1,1,140,200,1,,,,false,792,67863cca55f6803b930013ef,672a216555f6809778000006,672a219e55f680644d000012,,,,,,,,660186ad55f6802f6100000b,,6786a9a455f68071ac001500,2025-01-14 18:15:00 UTC,2025-01-14 18:16:55 UTC,,,6786a9a455f68071ac0014ff,6786a9a455f68071ac0014fe,1,,2025-01-14 18:15:03 UTC,2025-01-14 18:16:53 UTC,200,7.1,792,,,,,,,6786a9a455f68071ac0014ff,6786a9a455f68071ac0014fe,,,6786aa1755f680b658001504,2025-01-14 18:16:55 UTC,2025-01-14 18:16:55 UTC,,6786a9a455f68071ac001501,C:/TestPlant/cache/em_server/TRS/792/instances/792/suites/EUC.suite/Results/Epic_PRD_TimeStudy/20250114_131518.746/LogFile.txt,[],[],0,2025-01-14 18:15:18 UTC,EpfLogFile,,6786a9a455f68071ac001501,[],,30,2025-01-14T13:16:16-05:00,332 -0500,waitfor,"(TEXT:""User ID"")","found at (795, 428)",110,on_epic_prd_timestudy,Epic_PRD_TimeStudy.script
6786a9a455f68071ac0014fe,2025-01-14 18:15:00 UTC,2025-01-14 18:16:55 UTC,67863cca55f6803b930013ef,672a216555f6809778000006,672a219e55f680644d000012,,,660186ad55f6802f6100000b,EUC_EpicPRD,"",2025-01-14 18:15:02 UTC,2025-01-14 18:16:55 UTC,2025-01-14 18:15:02 UTC,2025-01-14 18:16:53 UTC,2025-01-14 18:16:54 UTC,2025-01-14 19:15:00 UTC,,Run Every: /15 * * * *,1,1,140,200,1,,,,false,792,67863cca55f6803b930013ef,672a216555f6809778000006,672a219e55f680644d000012,,,,,,,,660186ad55f6802f6100000b,,6786a9a455f68071ac001500,2025-01-14 18:15:00 UTC,2025-01-14 18:16:55 UTC,,,6786a9a455f68071ac0014ff,6786a9a455f68071ac0014fe,1,,2025-01-14 18:15:03 UTC,2025-01-14 18:16:53 UTC,200,7.1,792,,,,,,,6786a9a455f68071ac0014ff,6786a9a455f68071ac0014fe,,,6786aa1755f680b658001504,2025-01-14 18:16:55 UTC,2025-01-14 18:16:55 UTC,,6786a9a455f68071ac001501,C:/TestPlant/cache/em_server/TRS/792/instances/792/suites/EUC.suite/Results/Epic_PRD_TimeStudy/20250114_131518.746/LogFile.txt,[],[],0,2025-01-14 18:15:18 UTC,EpfLogFile,,6786a9a455f68071ac001501,[],,31,2025-01-14T13:16:17-05:00,040 -0500,doubleclick,"","at (795, 428)",113,on_epic_prd_timestudy,Epic_PRD_TimeStudy.script
6786a9a455f68071ac0014fe,2025-01-14 18:15:00 UTC,2025-01-14 18:16:55 UTC,67863cca55f6803b930013ef,672a216555f6809778000006,672a219e55f680644d000012,,,660186ad55f6802f6100000b,EUC_EpicPRD,"",2025-01-14 18:15:02 UTC,2025-01-14 18:16:55 UTC,2025-01-14 18:15:02 UTC,2025-01-14 18:16:53 UTC,2025-01-14 18:16:54 UTC,2025-01-14 19:15:00 UTC,,Run Every: /15 * * * *,1,1,140,200,1,,,,false,792,67863cca55f6803b930013ef,672a216555f6809778000006,672a219e55f680644d000012,,,,,,,,660186ad55f6802f6100000b,,6786a9a455f68071ac001500,2025-01-14 18:15:00 UTC,2025-01-14 18:16:55 UTC,,,6786a9a455f68071ac0014ff,6786a9a455f68071ac0014fe,1,,2025-01-14 18:15:03 UTC,2025-01-14 18:16:53 UTC,200,7.1,792,,,,,,,6786a9a455f68071ac0014ff,6786a9a455f68071ac0014fe,,,6786aa1755f680b658001504,2025-01-14 18:16:55 UTC,2025-01-14 18:16:55 UTC,,6786a9a455f68071ac001501,C:/TestPlant/cache/em_server/TRS/792/instances/792/suites/EUC.suite/Results/Epic_PRD_TimeStudy/20250114_131518.746/LogFile.txt,[],[],0,2025-01-14 18:15:18 UTC,EpfLogFile,,6786a9a455f68071ac001501,[],,32,2025-01-14T13:16:18-05:00,120 -0500,typetext,"",64838[tab],115,on_epic_prd_timestudy,Epic_PRD_TimeStudy.script
6786a9a455f68071ac0014fe,2025-01-14 18:15:00 UTC,2025-01-14 18:16:55 UTC,67863cca55f6803b930013ef,672a216555f6809778000006,672a219e55f680644d000012,,,660186ad55f6802f6100000b,EUC_EpicPRD,"",2025-01-14 18:15:02 UTC,2025-01-14 18:16:55 UTC,2025-01-14 18:15:02 UTC,2025-01-14 18:16:53 UTC,2025-01-14 18:16:54 UTC,2025-01-14 19:15:00 UTC,,Run Every: /15 * * * *,1,1,140,200,1,,,,false,792,67863cca55f6803b930013ef,672a216555f6809778000006,672a219e55f680644d000012,,,,,,,,660186ad55f6802f6100000b,,6786a9a455f68071ac001500,2025-01-14 18:15:00 UTC,2025-01-14 18:16:55 UTC,,,6786a9a455f68071ac0014ff,6786a9a455f68071ac0014fe,1,,2025-01-14 18:15:03 UTC,2025-01-14 18:16:53 UTC,200,7.1,792,,,,,,,6786a9a455f68071ac0014ff,6786a9a455f68071ac0014fe,,,6786aa1755f680b658001504,2025-01-14 18:16:55 UTC,2025-01-14 18:16:55 UTC,,6786a9a455f68071ac001501,C:/TestPlant/cache/em_server/TRS/792/instances/792/suites/EUC.suite/Results/Epic_PRD_TimeStudy/20250114_131518.746/LogFile.txt,[],[],0,2025-01-14 18:15:18 UTC,EpfLogFile,,6786a9a455f68071ac001501,[],,33,2025-01-14T13:16:19-05:00,003 -0500,typeencodedtext,"",<Encoded Text>,116,on_epic_prd_timestudy,Epic_PRD_TimeStudy.script
6786a9a455f68071ac0014fe,2025-01-14 18:15:00 UTC,2025-01-14 18:16:55 UTC,67863cca55f6803b930013ef,672a216555f6809778000006,672a219e55f680644d000012,,,660186ad55f6802f6100000b,EUC_EpicPRD,"",2025-01-14 18:15:02 UTC,2025-01-14 18:16:55 UTC,2025-01-14 18:15:02 UTC,2025-01-14 18:16:53 UTC,2025-01-14 18:16:54 UTC,2025-01-14 19:15:00 UTC,,Run Every: /15 * * * *,1,1,140,200,1,,,,false,792,67863cca55f6803b930013ef,672a216555f6809778000006,672a219e55f680644d000012,,,,,,,,660186ad55f6802f6100000b,,6786a9a455f68071ac001500,2025-01-14 18:15:00 UTC,2025-01-14 18:16:55 UTC,,,6786a9a455f68071ac0014ff,6786a9a455f68071ac0014fe,1,,2025-01-14 18:15:03 UTC,2025-01-14 18:16:53 UTC,200,7.1,792,,,,,,,6786a9a455f68071ac0014ff,6786a9a455f68071ac0014fe,,,6786aa1755f680b658001504,2025-01-14 18:16:55 UTC,2025-01-14 18:16:55 UTC,,6786a9a455f68071ac001501,C:/TestPlant/cache/em_server/TRS/792/instances/792/suites/EUC.suite/Results/Epic_PRD_TimeStudy/20250114_131518.746/LogFile.txt,[],[],0,2025-01-14 18:15:18 UTC,EpfLogFile,,6786a9a455f68071ac001501,[],,34,2025-01-14T13:16:19-05:00,038 -0500,waitfor,Hyperspace_LogIn_Active,"found at (958, 536)",117,on_epic_prd_timestudy,Epic_PRD_TimeStudy.script
6786a9a455f68071ac0014fe,2025-01-14 18:15:00 UTC,2025-01-14 18:16:55 UTC,67863cca55f6803b930013ef,672a216555f6809778000006,672a219e55f680644d000012,,,660186ad55f6802f6100000b,EUC_EpicPRD,"",2025-01-14 18:15:02 UTC,2025-01-14 18:16:55 UTC,2025-01-14 18:15:02 UTC,2025-01-14 18:16:53 UTC,2025-01-14 18:16:54 UTC,2025-01-14 19:15:00 UTC,,Run Every: /15 * * * *,1,1,140,200,1,,,,false,792,67863cca55f6803b930013ef,672a216555f6809778000006,672a219e55f680644d000012,,,,,,,,660186ad55f6802f6100000b,,6786a9a455f68071ac001500,2025-01-14 18:15:00 UTC,2025-01-14 18:16:55 UTC,,,6786a9a455f68071ac0014ff,6786a9a455f68071ac0014fe,1,,2025-01-14 18:15:03 UTC,2025-01-14 18:16:53 UTC,200,7.1,792,,,,,,,6786a9a455f68071ac0014ff,6786a9a455f68071ac0014fe,,,6786aa1755f680b658001504,2025-01-14 18:16:55 UTC,2025-01-14 18:16:55 UTC,,6786a9a455f68071ac001501,C:/TestPlant/cache/em_server/TRS/792/instances/792/suites/EUC.suite/Results/Epic_PRD_TimeStudy/20250114_131518.746/LogFile.txt,[],[],0,2025-01-14 18:15:18 UTC,EpfLogFile,,6786a9a455f68071ac001501,[],,35,2025-01-14T13:16:19-05:00,787 -0500,click,"","at (958, 536)",120,on_epic_prd_timestudy,Epic_PRD_TimeStudy.script
6786a9a455f68071ac0014fe,2025-01-14 18:15:00 UTC,2025-01-14 18:16:55 UTC,67863cca55f6803b930013ef,672a216555f6809778000006,672a219e55f680644d000012,,,660186ad55f6802f6100000b,EUC_EpicPRD,"",2025-01-14 18:15:02 UTC,2025-01-14 18:16:55 UTC,2025-01-14 18:15:02 UTC,2025-01-14 18:16:53 UTC,2025-01-14 18:16:54 UTC,2025-01-14 19:15:00 UTC,,Run Every: /15 * * * *,1,1,140,200,1,,,,false,792,67863cca55f6803b930013ef,672a216555f6809778000006,672a219e55f680644d000012,,,,,,,,660186ad55f6802f6100000b,,6786a9a455f68071ac001500,2025-01-14 18:15:00 UTC,2025-01-14 18:16:55 UTC,,,6786a9a455f68071ac0014ff,6786a9a455f68071ac0014fe,1,,2025-01-14 18:15:03 UTC,2025-01-14 18:16:53 UTC,200,7.1,792,,,,,,,6786a9a455f68071ac0014ff,6786a9a455f68071ac0014fe,,,6786aa1755f680b658001504,2025-01-14 18:16:55 UTC,2025-01-14 18:16:55 UTC,,6786a9a455f68071ac001501,C:/TestPlant/cache/em_server/TRS/792/instances/792/suites/EUC.suite/Results/Epic_PRD_TimeStudy/20250114_131518.746/LogFile.txt,[],[],0,2025-01-14 18:15:18 UTC,EpfLogFile,,6786a9a455f68071ac001501,[],,36,2025-01-14T13:16:20-05:00,815 -0500,waitfor,Hyperspace_Continue_Active,"found at (835, 614)",122,on_epic_prd_timestudy,Epic_PRD_TimeStudy.script
6786a9a455f68071ac0014fe,2025-01-14 18:15:00 UTC,2025-01-14 18:16:55 UTC,67863cca55f6803b930013ef,672a216555f6809778000006,672a219e55f680644d000012,,,660186ad55f6802f6100000b,EUC_EpicPRD,"",2025-01-14 18:15:02 UTC,2025-01-14 18:16:55 UTC,2025-01-14 18:15:02 UTC,2025-01-14 18:16:53 UTC,2025-01-14 18:16:54 UTC,2025-01-14 19:15:00 UTC,,Run Every: /15 * * * *,1,1,140,200,1,,,,false,792,67863cca55f6803b930013ef,672a216555f6809778000006,672a219e55f680644d000012,,,,,,,,660186ad55f6802f6100000b,,6786a9a455f68071ac001500,2025-01-14 18:15:00 UTC,2025-01-14 18:16:55 UTC,,,6786a9a455f68071ac0014ff,6786a9a455f68071ac0014fe,1,,2025-01-14 18:15:03 UTC,2025-01-14 18:16:53 UTC,200,7.1,792,,,,,,,6786a9a455f68071ac0014ff,6786a9a455f68071ac0014fe,,,6786aa1755f680b658001504,2025-01-14 18:16:55 UTC,2025-01-14 18:16:55 UTC,,6786a9a455f68071ac001501,C:/TestPlant/cache/em_server/TRS/792/instances/792/suites/EUC.suite/Results/Epic_PRD_TimeStudy/20250114_131518.746/LogFile.txt,[],[],0,2025-01-14 18:15:18 UTC,EpfLogFile,,6786a9a455f68071ac001501,[],,37,2025-01-14T13:16:20-05:00,821 -0500,Log,"",1.778 seconds,124,on_epic_prd_timestudy,Epic_PRD_TimeStudy.script
6786a9a455f68071ac0014fe,2025-01-14 18:15:00 UTC,2025-01-14 18:16:55 UTC,67863cca55f6803b930013ef,672a216555f6809778000006,672a219e55f680644d000012,,,660186ad55f6802f6100000b,EUC_EpicPRD,"",2025-01-14 18:15:02 UTC,2025-01-14 18:16:55 UTC,2025-01-14 18:15:02 UTC,2025-01-14 18:16:53 UTC,2025-01-14 18:16:54 UTC,2025-01-14 19:15:00 UTC,,Run Every: /15 * * * *,1,1,140,200,1,,,,false,792,67863cca55f6803b930013ef,672a216555f6809778000006,672a219e55f680644d000012,,,,,,,,660186ad55f6802f6100000b,,6786a9a455f68071ac001500,2025-01-14 18:15:00 UTC,2025-01-14 18:16:55 UTC,,,6786a9a455f68071ac0014ff,6786a9a455f68071ac0014fe,1,,2025-01-14 18:15:03 UTC,2025-01-14 18:16:53 UTC,200,7.1,792,,,,,,,6786a9a455f68071ac0014ff,6786a9a455f68071ac0014fe,,,6786aa1755f680b658001504,2025-01-14 18:16:55 UTC,2025-01-14 18:16:55 UTC,,6786a9a455f68071ac001501,C:/TestPlant/cache/em_server/TRS/792/instances/792/suites/EUC.suite/Results/Epic_PRD_TimeStudy/20250114_131518.746/LogFile.txt,[],[],0,2025-01-14 18:15:18 UTC,EpfLogFile,,6786a9a455f68071ac001501,[],,38,2025-01-14T13:16:20-05:00,952 -0500,typetext,"",104343007[returnKey],127,on_epic_prd_timestudy,Epic_PRD_TimeStudy.script
6786a9a455f68071ac0014fe,2025-01-14 18:15:00 UTC,2025-01-14 18:16:55 UTC,67863cca55f6803b930013ef,672a216555f6809778000006,672a219e55f680644d000012,,,660186ad55f6802f6100000b,EUC_EpicPRD,"",2025-01-14 18:15:02 UTC,2025-01-14 18:16:55 UTC,2025-01-14 18:15:02 UTC,2025-01-14 18:16:53 UTC,2025-01-14 18:16:54 UTC,2025-01-14 19:15:00 UTC,,Run Every: /15 * * * *,1,1,140,200,1,,,,false,792,67863cca55f6803b930013ef,672a216555f6809778000006,672a219e55f680644d000012,,,,,,,,660186ad55f6802f6100000b,,6786a9a455f68071ac001500,2025-01-14 18:15:00 UTC,2025-01-14 18:16:55 UTC,,,6786a9a455f68071ac0014ff,6786a9a455f68071ac0014fe,1,,2025-01-14 18:15:03 UTC,2025-01-14 18:16:53 UTC,200,7.1,792,,,,,,,6786a9a455f68071ac0014ff,6786a9a455f68071ac0014fe,,,6786aa1755f680b658001504,2025-01-14 18:16:55 UTC,2025-01-14 18:16:55 UTC,,6786a9a455f68071ac001501,C:/TestPlant/cache/em_server/TRS/792/instances/792/suites/EUC.suite/Results/Epic_PRD_TimeStudy/20250114_131518.746/LogFile.txt,[],[],0,2025-01-14 18:15:18 UTC,EpfLogFile,,6786a9a455f68071ac001501,[],,39,2025-01-14T13:16:21-05:00,736 -0500,click,"","at (835, 614)",129,on_epic_prd_timestudy,Epic_PRD_TimeStudy.script
6786a9a455f68071ac0014fe,2025-01-14 18:15:00 UTC,2025-01-14 18:16:55 UTC,67863cca55f6803b930013ef,672a216555f6809778000006,672a219e55f680644d000012,,,660186ad55f6802f6100000b,EUC_EpicPRD,"",2025-01-14 18:15:02 UTC,2025-01-14 18:16:55 UTC,2025-01-14 18:15:02 UTC,2025-01-14 18:16:53 UTC,2025-01-14 18:16:54 UTC,2025-01-14 19:15:00 UTC,,Run Every: /15 * * * *,1,1,140,200,1,,,,false,792,67863cca55f6803b930013ef,672a216555f6809778000006,672a219e55f680644d000012,,,,,,,,660186ad55f6802f6100000b,,6786a9a455f68071ac001500,2025-01-14 18:15:00 UTC,2025-01-14 18:16:55 UTC,,,6786a9a455f68071ac0014ff,6786a9a455f68071ac0014fe,1,,2025-01-14 18:15:03 UTC,2025-01-14 18:16:53 UTC,200,7.1,792,,,,,,,6786a9a455f68071ac0014ff,6786a9a455f68071ac0014fe,,,6786aa1755f680b658001504,2025-01-14 18:16:55 UTC,2025-01-14 18:16:55 UTC,,6786a9a455f68071ac001501,C:/TestPlant/cache/em_server/TRS/792/instances/792/suites/EUC.suite/Results/Epic_PRD_TimeStudy/20250114_131518.746/LogFile.txt,[],[],0,2025-01-14 18:15:18 UTC,EpfLogFile,,6786a9a455f68071ac001501,[],,40,2025-01-14T13:16:24-05:00,489 -0500,imagefound,Hyperspace_Continue_Active,Unable to Find Image Hyperspace_Continue_Active,132,on_epic_prd_timestudy,Epic_PRD_TimeStudy.script
6786a9a455f68071ac0014fe,2025-01-14 18:15:00 UTC,2025-01-14 18:16:55 UTC,67863cca55f6803b930013ef,672a216555f6809778000006,672a219e55f680644d000012,,,660186ad55f6802f6100000b,EUC_EpicPRD,"",2025-01-14 18:15:02 UTC,2025-01-14 18:16:55 UTC,2025-01-14 18:15:02 UTC,2025-01-14 18:16:53 UTC,2025-01-14 18:16:54 UTC,2025-01-14 19:15:00 UTC,,Run Every: /15 * * * *,1,1,140,200,1,,,,false,792,67863cca55f6803b930013ef,672a216555f6809778000006,672a219e55f680644d000012,,,,,,,,660186ad55f6802f6100000b,,6786a9a455f68071ac001500,2025-01-14 18:15:00 UTC,2025-01-14 18:16:55 UTC,,,6786a9a455f68071ac0014ff,6786a9a455f68071ac0014fe,1,,2025-01-14 18:15:03 UTC,2025-01-14 18:16:53 UTC,200,7.1,792,,,,,,,6786a9a455f68071ac0014ff,6786a9a455f68071ac0014fe,,,6786aa1755f680b658001504,2025-01-14 18:16:55 UTC,2025-01-14 18:16:55 UTC,,6786a9a455f68071ac001501,C:/TestPlant/cache/em_server/TRS/792/instances/792/suites/EUC.suite/Results/Epic_PRD_TimeStudy/20250114_131518.746/LogFile.txt,[],[],0,2025-01-14 18:15:18 UTC,EpfLogFile,,6786a9a455f68071ac001501,[],,41,2025-01-14T13:16:24-05:00,493 -0500,Log,"",No message visible!,135,on_epic_prd_timestudy,Epic_PRD_TimeStudy.script
6786a9a455f68071ac0014fe,2025-01-14 18:15:00 UTC,2025-01-14 18:16:55 UTC,67863cca55f6803b930013ef,672a216555f6809778000006,672a219e55f680644d000012,,,660186ad55f6802f6100000b,EUC_EpicPRD,"",2025-01-14 18:15:02 UTC,2025-01-14 18:16:55 UTC,2025-01-14 18:15:02 UTC,2025-01-14 18:16:53 UTC,2025-01-14 18:16:54 UTC,2025-01-14 19:15:00 UTC,,Run Every: /15 * * * *,1,1,140,200,1,,,,false,792,67863cca55f6803b930013ef,672a216555f6809778000006,672a219e55f680644d000012,,,,,,,,660186ad55f6802f6100000b,,6786a9a455f68071ac001500,2025-01-14 18:15:00 UTC,2025-01-14 18:16:55 UTC,,,6786a9a455f68071ac0014ff,6786a9a455f68071ac0014fe,1,,2025-01-14 18:15:03 UTC,2025-01-14 18:16:53 UTC,200,7.1,792,,,,,,,6786a9a455f68071ac0014ff,6786a9a455f68071ac0014fe,,,6786aa1755f680b658001504,2025-01-14 18:16:55 UTC,2025-01-14 18:16:55 UTC,,6786a9a455f68071ac001501,C:/TestPlant/cache/em_server/TRS/792/instances/792/suites/EUC.suite/Results/Epic_PRD_TimeStudy/20250114_131518.746/LogFile.txt,[],[],0,2025-01-14 18:15:18 UTC,EpfLogFile,,6786a9a455f68071ac001501,[],,42,2025-01-14T13:16:24-05:00,527 -0500,waitfor,Button_LogOut_ReadOnly,"found at (1832, 45)",138,on_epic_prd_timestudy,Epic_PRD_TimeStudy.script
6786a9a455f68071ac0014fe,2025-01-14 18:15:00 UTC,2025-01-14 18:16:55 UTC,67863cca55f6803b930013ef,672a216555f6809778000006,672a219e55f680644d000012,,,660186ad55f6802f6100000b,EUC_EpicPRD,"",2025-01-14 18:15:02 UTC,2025-01-14 18:16:55 UTC,2025-01-14 18:15:02 UTC,2025-01-14 18:16:53 UTC,2025-01-14 18:16:54 UTC,2025-01-14 19:15:00 UTC,,Run Every: /15 * * * *,1,1,140,200,1,,,,false,792,67863cca55f6803b930013ef,672a216555f6809778000006,672a219e55f680644d000012,,,,,,,,660186ad55f6802f6100000b,,6786a9a455f68071ac001500,2025-01-14 18:15:00 UTC,2025-01-14 18:16:55 UTC,,,6786a9a455f68071ac0014ff,6786a9a455f68071ac0014fe,1,,2025-01-14 18:15:03 UTC,2025-01-14 18:16:53 UTC,200,7.1,792,,,,,,,6786a9a455f68071ac0014ff,6786a9a455f68071ac0014fe,,,6786aa1755f680b658001504,2025-01-14 18:16:55 UTC,2025-01-14 18:16:55 UTC,,6786a9a455f68071ac001501,C:/TestPlant/cache/em_server/TRS/792/instances/792/suites/EUC.suite/Results/Epic_PRD_TimeStudy/20250114_131518.746/LogFile.txt,[],[],0,2025-01-14 18:15:18 UTC,EpfLogFile,,6786a9a455f68071ac001501,[],,43,2025-01-14T13:16:24-05:00,531 -0500,Log,"",3.574 seconds,140,on_epic_prd_timestudy,Epic_PRD_TimeStudy.script
6786a9a455f68071ac0014fe,2025-01-14 18:15:00 UTC,2025-01-14 18:16:55 UTC,67863cca55f6803b930013ef,672a216555f6809778000006,672a219e55f680644d000012,,,660186ad55f6802f6100000b,EUC_EpicPRD,"",2025-01-14 18:15:02 UTC,2025-01-14 18:16:55 UTC,2025-01-14 18:15:02 UTC,2025-01-14 18:16:53 UTC,2025-01-14 18:16:54 UTC,2025-01-14 19:15:00 UTC,,Run Every: /15 * * * *,1,1,140,200,1,,,,false,792,67863cca55f6803b930013ef,672a216555f6809778000006,672a219e55f680644d000012,,,,,,,,660186ad55f6802f6100000b,,6786a9a455f68071ac001500,2025-01-14 18:15:00 UTC,2025-01-14 18:16:55 UTC,,,6786a9a455f68071ac0014ff,6786a9a455f68071ac0014fe,1,,2025-01-14 18:15:03 UTC,2025-01-14 18:16:53 UTC,200,7.1,792,,,,,,,6786a9a455f68071ac0014ff,6786a9a455f68071ac0014fe,,,6786aa1755f680b658001504,2025-01-14 18:16:55 UTC,2025-01-14 18:16:55 UTC,,6786a9a455f68071ac001501,C:/TestPlant/cache/em_server/TRS/792/instances/792/suites/EUC.suite/Results/Epic_PRD_TimeStudy/20250114_131518.746/LogFile.txt,[],[],0,2025-01-14 18:15:18 UTC,EpfLogFile,,6786a9a455f68071ac001501,[],,44,2025-01-14T13:16:27-05:00,628 -0500,click,Button_PatientLookup_ReadOnly,"at (59, 47)",144,on_epic_prd_timestudy,Epic_PRD_TimeStudy.script
6786a9a455f68071ac0014fe,2025-01-14 18:15:00 UTC,2025-01-14 18:16:55 UTC,67863cca55f6803b930013ef,672a216555f6809778000006,672a219e55f680644d000012,,,660186ad55f6802f6100000b,EUC_EpicPRD,"",2025-01-14 18:15:02 UTC,2025-01-14 18:16:55 UTC,2025-01-14 18:15:02 UTC,2025-01-14 18:16:53 UTC,2025-01-14 18:16:54 UTC,2025-01-14 19:15:00 UTC,,Run Every: /15 * * * *,1,1,140,200,1,,,,false,792,67863cca55f6803b930013ef,672a216555f6809778000006,672a219e55f680644d000012,,,,,,,,660186ad55f6802f6100000b,,6786a9a455f68071ac001500,2025-01-14 18:15:00 UTC,2025-01-14 18:16:55 UTC,,,6786a9a455f68071ac0014ff,6786a9a455f68071ac0014fe,1,,2025-01-14 18:15:03 UTC,2025-01-14 18:16:53 UTC,200,7.1,792,,,,,,,6786a9a455f68071ac0014ff,6786a9a455f68071ac0014fe,,,6786aa1755f680b658001504,2025-01-14 18:16:55 UTC,2025-01-14 18:16:55 UTC,,6786a9a455f68071ac001501,C:/TestPlant/cache/em_server/TRS/792/instances/792/suites/EUC.suite/Results/Epic_PRD_TimeStudy/20250114_131518.746/LogFile.txt,[],[],0,2025-01-14 18:15:18 UTC,EpfLogFile,,6786a9a455f68071ac001501,[],,45,2025-01-14T13:16:28-05:00,720 -0500,waitfor,Button_FindPatient_Active,"found at (1522, 264)",145,on_epic_prd_timestudy,Epic_PRD_TimeStudy.script
6786a9a455f68071ac0014fe,2025-01-14 18:15:00 UTC,2025-01-14 18:16:55 UTC,67863cca55f6803b930013ef,672a216555f6809778000006,672a219e55f680644d000012,,,660186ad55f6802f6100000b,EUC_EpicPRD,"",2025-01-14 18:15:02 UTC,2025-01-14 18:16:55 UTC,2025-01-14 18:15:02 UTC,2025-01-14 18:16:53 UTC,2025-01-14 18:16:54 UTC,2025-01-14 19:15:00 UTC,,Run Every: /15 * * * *,1,1,140,200,1,,,,false,792,67863cca55f6803b930013ef,672a216555f6809778000006,672a219e55f680644d000012,,,,,,,,660186ad55f6802f6100000b,,6786a9a455f68071ac001500,2025-01-14 18:15:00 UTC,2025-01-14 18:16:55 UTC,,,6786a9a455f68071ac0014ff,6786a9a455f68071ac0014fe,1,,2025-01-14 18:15:03 UTC,2025-01-14 18:16:53 UTC,200,7.1,792,,,,,,,6786a9a455f68071ac0014ff,6786a9a455f68071ac0014fe,,,6786aa1755f680b658001504,2025-01-14 18:16:55 UTC,2025-01-14 18:16:55 UTC,,6786a9a455f68071ac001501,C:/TestPlant/cache/em_server/TRS/792/instances/792/suites/EUC.suite/Results/Epic_PRD_TimeStudy/20250114_131518.746/LogFile.txt,[],[],0,2025-01-14 18:15:18 UTC,EpfLogFile,,6786a9a455f68071ac001501,[],,46,2025-01-14T13:16:28-05:00,827 -0500,typetext,"",02672585,151,on_epic_prd_timestudy,Epic_PRD_TimeStudy.script
6786a9a455f68071ac0014fe,2025-01-14 18:15:00 UTC,2025-01-14 18:16:55 UTC,67863cca55f6803b930013ef,672a216555f6809778000006,672a219e55f680644d000012,,,660186ad55f6802f6100000b,EUC_EpicPRD,"",2025-01-14 18:15:02 UTC,2025-01-14 18:16:55 UTC,2025-01-14 18:15:02 UTC,2025-01-14 18:16:53 UTC,2025-01-14 18:16:54 UTC,2025-01-14 19:15:00 UTC,,Run Every: /15 * * * *,1,1,140,200,1,,,,false,792,67863cca55f6803b930013ef,672a216555f6809778000006,672a219e55f680644d000012,,,,,,,,660186ad55f6802f6100000b,,6786a9a455f68071ac001500,2025-01-14 18:15:00 UTC,2025-01-14 18:16:55 UTC,,,6786a9a455f68071ac0014ff,6786a9a455f68071ac0014fe,1,,2025-01-14 18:15:03 UTC,2025-01-14 18:16:53 UTC,200,7.1,792,,,,,,,6786a9a455f68071ac0014ff,6786a9a455f68071ac0014fe,,,6786aa1755f680b658001504,2025-01-14 18:16:55 UTC,2025-01-14 18:16:55 UTC,,6786a9a455f68071ac001501,C:/TestPlant/cache/em_server/TRS/792/instances/792/suites/EUC.suite/Results/Epic_PRD_TimeStudy/20250114_131518.746/LogFile.txt,[],[],0,2025-01-14 18:15:18 UTC,EpfLogFile,,6786a9a455f68071ac001501,[],,47,2025-01-14T13:16:29-05:00,613 -0500,click,"","at (1522, 264)",153,on_epic_prd_timestudy,Epic_PRD_TimeStudy.script
6786a9a455f68071ac0014fe,2025-01-14 18:15:00 UTC,2025-01-14 18:16:55 UTC,67863cca55f6803b930013ef,672a216555f6809778000006,672a219e55f680644d000012,,,660186ad55f6802f6100000b,EUC_EpicPRD,"",2025-01-14 18:15:02 UTC,2025-01-14 18:16:55 UTC,2025-01-14 18:15:02 UTC,2025-01-14 18:16:53 UTC,2025-01-14 18:16:54 UTC,2025-01-14 19:15:00 UTC,,Run Every: /15 * * * *,1,1,140,200,1,,,,false,792,67863cca55f6803b930013ef,672a216555f6809778000006,672a219e55f680644d000012,,,,,,,,660186ad55f6802f6100000b,,6786a9a455f68071ac001500,2025-01-14 18:15:00 UTC,2025-01-14 18:16:55 UTC,,,6786a9a455f68071ac0014ff,6786a9a455f68071ac0014fe,1,,2025-01-14 18:15:03 UTC,2025-01-14 18:16:53 UTC,200,7.1,792,,,,,,,6786a9a455f68071ac0014ff,6786a9a455f68071ac0014fe,,,6786aa1755f680b658001504,2025-01-14 18:16:55 UTC,2025-01-14 18:16:55 UTC,,6786a9a455f68071ac001501,C:/TestPlant/cache/em_server/TRS/792/instances/792/suites/EUC.suite/Results/Epic_PRD_TimeStudy/20250114_131518.746/LogFile.txt,[],[],0,2025-01-14 18:15:18 UTC,EpfLogFile,,6786a9a455f68071ac001501,[],,48,2025-01-14T13:16:31-05:00,883 -0500,waitfor,"(TEXT:""02672585"")","found at (444, 411)",154,on_epic_prd_timestudy,Epic_PRD_TimeStudy.script
6786a9a455f68071ac0014fe,2025-01-14 18:15:00 UTC,2025-01-14 18:16:55 UTC,67863cca55f6803b930013ef,672a216555f6809778000006,672a219e55f680644d000012,,,660186ad55f6802f6100000b,EUC_EpicPRD,"",2025-01-14 18:15:02 UTC,2025-01-14 18:16:55 UTC,2025-01-14 18:15:02 UTC,2025-01-14 18:16:53 UTC,2025-01-14 18:16:54 UTC,2025-01-14 19:15:00 UTC,,Run Every: /15 * * * *,1,1,140,200,1,,,,false,792,67863cca55f6803b930013ef,672a216555f6809778000006,672a219e55f680644d000012,,,,,,,,660186ad55f6802f6100000b,,6786a9a455f68071ac001500,2025-01-14 18:15:00 UTC,2025-01-14 18:16:55 UTC,,,6786a9a455f68071ac0014ff,6786a9a455f68071ac0014fe,1,,2025-01-14 18:15:03 UTC,2025-01-14 18:16:53 UTC,200,7.1,792,,,,,,,6786a9a455f68071ac0014ff,6786a9a455f68071ac0014fe,,,6786aa1755f680b658001504,2025-01-14 18:16:55 UTC,2025-01-14 18:16:55 UTC,,6786a9a455f68071ac001501,C:/TestPlant/cache/em_server/TRS/792/instances/792/suites/EUC.suite/Results/Epic_PRD_TimeStudy/20250114_131518.746/LogFile.txt,[],[],0,2025-01-14 18:15:18 UTC,EpfLogFile,,6786a9a455f68071ac001501,[],,49,2025-01-14T13:16:31-05:00,890 -0500,Log,"",3.057 seconds,156,on_epic_prd_timestudy,Epic_PRD_TimeStudy.script
6786a9a455f68071ac0014fe,2025-01-14 18:15:00 UTC,2025-01-14 18:16:55 UTC,67863cca55f6803b930013ef,672a216555f6809778000006,672a219e55f680644d000012,,,660186ad55f6802f6100000b,EUC_EpicPRD,"",2025-01-14 18:15:02 UTC,2025-01-14 18:16:55 UTC,2025-01-14 18:15:02 UTC,2025-01-14 18:16:53 UTC,2025-01-14 18:16:54 UTC,2025-01-14 19:15:00 UTC,,Run Every: /15 * * * *,1,1,140,200,1,,,,false,792,67863cca55f6803b930013ef,672a216555f6809778000006,672a219e55f680644d000012,,,,,,,,660186ad55f6802f6100000b,,6786a9a455f68071ac001500,2025-01-14 18:15:00 UTC,2025-01-14 18:16:55 UTC,,,6786a9a455f68071ac0014ff,6786a9a455f68071ac0014fe,1,,2025-01-14 18:15:03 UTC,2025-01-14 18:16:53 UTC,200,7.1,792,,,,,,,6786a9a455f68071ac0014ff,6786a9a455f68071ac0014fe,,,6786aa1755f680b658001504,2025-01-14 18:16:55 UTC,2025-01-14 18:16:55 UTC,,6786a9a455f68071ac001501,C:/TestPlant/cache/em_server/TRS/792/instances/792/suites/EUC.suite/Results/Epic_PRD_TimeStudy/20250114_131518.746/LogFile.txt,[],[],0,2025-01-14 18:15:18 UTC,EpfLogFile,,6786a9a455f68071ac001501,[],,50,2025-01-14T13:16:31-05:00,919 -0500,typetext,"",[windowsAltKey]A,160,on_epic_prd_timestudy,Epic_PRD_TimeStudy.script
6786a9a455f68071ac0014fe,2025-01-14 18:15:00 UTC,2025-01-14 18:16:55 UTC,67863cca55f6803b930013ef,672a216555f6809778000006,672a219e55f680644d000012,,,660186ad55f6802f6100000b,EUC_EpicPRD,"",2025-01-14 18:15:02 UTC,2025-01-14 18:16:55 UTC,2025-01-14 18:15:02 UTC,2025-01-14 18:16:53 UTC,2025-01-14 18:16:54 UTC,2025-01-14 19:15:00 UTC,,Run Every: /15 * * * *,1,1,140,200,1,,,,false,792,67863cca55f6803b930013ef,672a216555f6809778000006,672a219e55f680644d000012,,,,,,,,660186ad55f6802f6100000b,,6786a9a455f68071ac001500,2025-01-14 18:15:00 UTC,2025-01-14 18:16:55 UTC,,,6786a9a455f68071ac0014ff,6786a9a455f68071ac0014fe,1,,2025-01-14 18:15:03 UTC,2025-01-14 18:16:53 UTC,200,7.1,792,,,,,,,6786a9a455f68071ac0014ff,6786a9a455f68071ac0014fe,,,6786aa1755f680b658001504,2025-01-14 18:16:55 UTC,2025-01-14 18:16:55 UTC,,6786a9a455f68071ac001501,C:/TestPlant/cache/em_server/TRS/792/instances/792/suites/EUC.suite/Results/Epic_PRD_TimeStudy/20250114_131518.746/LogFile.txt,[],[],0,2025-01-14 18:15:18 UTC,EpfLogFile,,6786a9a455f68071ac001501,[],,51,2025-01-14T13:16:33-05:00,328 -0500,waitfor,Textbox_Reason_ReadOnly,"found at (866, 536)",161,on_epic_prd_timestudy,Epic_PRD_TimeStudy.script
6786a9a455f68071ac0014fe,2025-01-14 18:15:00 UTC,2025-01-14 18:16:55 UTC,67863cca55f6803b930013ef,672a216555f6809778000006,672a219e55f680644d000012,,,660186ad55f6802f6100000b,EUC_EpicPRD,"",2025-01-14 18:15:02 UTC,2025-01-14 18:16:55 UTC,2025-01-14 18:15:02 UTC,2025-01-14 18:16:53 UTC,2025-01-14 18:16:54 UTC,2025-01-14 19:15:00 UTC,,Run Every: /15 * * * *,1,1,140,200,1,,,,false,792,67863cca55f6803b930013ef,672a216555f6809778000006,672a219e55f680644d000012,,,,,,,,660186ad55f6802f6100000b,,6786a9a455f68071ac001500,2025-01-14 18:15:00 UTC,2025-01-14 18:16:55 UTC,,,6786a9a455f68071ac0014ff,6786a9a455f68071ac0014fe,1,,2025-01-14 18:15:03 UTC,2025-01-14 18:16:53 UTC,200,7.1,792,,,,,,,6786a9a455f68071ac0014ff,6786a9a455f68071ac0014fe,,,6786aa1755f680b658001504,2025-01-14 18:16:55 UTC,2025-01-14 18:16:55 UTC,,6786a9a455f68071ac001501,C:/TestPlant/cache/em_server/TRS/792/instances/792/suites/EUC.suite/Results/Epic_PRD_TimeStudy/20250114_131518.746/LogFile.txt,[],[],0,2025-01-14 18:15:18 UTC,EpfLogFile,,6786a9a455f68071ac001501,[],,52,2025-01-14T13:16:33-05:00,334 -0500,Log,"",1.44 seconds,163,on_epic_prd_timestudy,Epic_PRD_TimeStudy.script
6786a9a455f68071ac0014fe,2025-01-14 18:15:00 UTC,2025-01-14 18:16:55 UTC,67863cca55f6803b930013ef,672a216555f6809778000006,672a219e55f680644d000012,,,660186ad55f6802f6100000b,EUC_EpicPRD,"",2025-01-14 18:15:02 UTC,2025-01-14 18:16:55 UTC,2025-01-14 18:15:02 UTC,2025-01-14 18:16:53 UTC,2025-01-14 18:16:54 UTC,2025-01-14 19:15:00 UTC,,Run Every: /15 * * * *,1,1,140,200,1,,,,false,792,67863cca55f6803b930013ef,672a216555f6809778000006,672a219e55f680644d000012,,,,,,,,660186ad55f6802f6100000b,,6786a9a455f68071ac001500,2025-01-14 18:15:00 UTC,2025-01-14 18:16:55 UTC,,,6786a9a455f68071ac0014ff,6786a9a455f68071ac0014fe,1,,2025-01-14 18:15:03 UTC,2025-01-14 18:16:53 UTC,200,7.1,792,,,,,,,6786a9a455f68071ac0014ff,6786a9a455f68071ac0014fe,,,6786aa1755f680b658001504,2025-01-14 18:16:55 UTC,2025-01-14 18:16:55 UTC,,6786a9a455f68071ac001501,C:/TestPlant/cache/em_server/TRS/792/instances/792/suites/EUC.suite/Results/Epic_PRD_TimeStudy/20250114_131518.746/LogFile.txt,[],[],0,2025-01-14 18:15:18 UTC,EpfLogFile,,6786a9a455f68071ac001501,[],,53,2025-01-14T13:16:33-05:00,419 -0500,click,"","at (866, 536)",166,on_epic_prd_timestudy,Epic_PRD_TimeStudy.script
6786a9a455f68071ac0014fe,2025-01-14 18:15:00 UTC,2025-01-14 18:16:55 UTC,67863cca55f6803b930013ef,672a216555f6809778000006,672a219e55f680644d000012,,,660186ad55f6802f6100000b,EUC_EpicPRD,"",2025-01-14 18:15:02 UTC,2025-01-14 18:16:55 UTC,2025-01-14 18:15:02 UTC,2025-01-14 18:16:53 UTC,2025-01-14 18:16:54 UTC,2025-01-14 19:15:00 UTC,,Run Every: /15 * * * *,1,1,140,200,1,,,,false,792,67863cca55f6803b930013ef,672a216555f6809778000006,672a219e55f680644d000012,,,,,,,,660186ad55f6802f6100000b,,6786a9a455f68071ac001500,2025-01-14 18:15:00 UTC,2025-01-14 18:16:55 UTC,,,6786a9a455f68071ac0014ff,6786a9a455f68071ac0014fe,1,,2025-01-14 18:15:03 UTC,2025-01-14 18:16:53 UTC,200,7.1,792,,,,,,,6786a9a455f68071ac0014ff,6786a9a455f68071ac0014fe,,,6786aa1755f680b658001504,2025-01-14 18:16:55 UTC,2025-01-14 18:16:55 UTC,,6786a9a455f68071ac001501,C:/TestPlant/cache/em_server/TRS/792/instances/792/suites/EUC.suite/Results/Epic_PRD_TimeStudy/20250114_131518.746/LogFile.txt,[],[],0,2025-01-14 18:15:18 UTC,EpfLogFile,,6786a9a455f68071ac001501,[],,54,2025-01-14T13:16:34-05:00,146 -0500,typetext,"",6[returnKey],167,on_epic_prd_timestudy,Epic_PRD_TimeStudy.script
6786a9a455f68071ac0014fe,2025-01-14 18:15:00 UTC,2025-01-14 18:16:55 UTC,67863cca55f6803b930013ef,672a216555f6809778000006,672a219e55f680644d000012,,,660186ad55f6802f6100000b,EUC_EpicPRD,"",2025-01-14 18:15:02 UTC,2025-01-14 18:16:55 UTC,2025-01-14 18:15:02 UTC,2025-01-14 18:16:53 UTC,2025-01-14 18:16:54 UTC,2025-01-14 19:15:00 UTC,,Run Every: /15 * * * *,1,1,140,200,1,,,,false,792,67863cca55f6803b930013ef,672a216555f6809778000006,672a219e55f680644d000012,,,,,,,,660186ad55f6802f6100000b,,6786a9a455f68071ac001500,2025-01-14 18:15:00 UTC,2025-01-14 18:16:55 UTC,,,6786a9a455f68071ac0014ff,6786a9a455f68071ac0014fe,1,,2025-01-14 18:15:03 UTC,2025-01-14 18:16:53 UTC,200,7.1,792,,,,,,,6786a9a455f68071ac0014ff,6786a9a455f68071ac0014fe,,,6786aa1755f680b658001504,2025-01-14 18:16:55 UTC,2025-01-14 18:16:55 UTC,,6786a9a455f68071ac001501,C:/TestPlant/cache/em_server/TRS/792/instances/792/suites/EUC.suite/Results/Epic_PRD_TimeStudy/20250114_131518.746/LogFile.txt,[],[],0,2025-01-14 18:15:18 UTC,EpfLogFile,,6786a9a455f68071ac001501,[],,55,2025-01-14T13:16:35-05:00,050 -0500,click,Textbox_Password_ReadOnly,"at (698, 709)",168,on_epic_prd_timestudy,Epic_PRD_TimeStudy.script
6786a9a455f68071ac0014fe,2025-01-14 18:15:00 UTC,2025-01-14 18:16:55 UTC,67863cca55f6803b930013ef,672a216555f6809778000006,672a219e55f680644d000012,,,660186ad55f6802f6100000b,EUC_EpicPRD,"",2025-01-14 18:15:02 UTC,2025-01-14 18:16:55 UTC,2025-01-14 18:15:02 UTC,2025-01-14 18:16:53 UTC,2025-01-14 18:16:54 UTC,2025-01-14 19:15:00 UTC,,Run Every: /15 * * * *,1,1,140,200,1,,,,false,792,67863cca55f6803b930013ef,672a216555f6809778000006,672a219e55f680644d000012,,,,,,,,660186ad55f6802f6100000b,,6786a9a455f68071ac001500,2025-01-14 18:15:00 UTC,2025-01-14 18:16:55 UTC,,,6786a9a455f68071ac0014ff,6786a9a455f68071ac0014fe,1,,2025-01-14 18:15:03 UTC,2025-01-14 18:16:53 UTC,200,7.1,792,,,,,,,6786a9a455f68071ac0014ff,6786a9a455f68071ac0014fe,,,6786aa1755f680b658001504,2025-01-14 18:16:55 UTC,2025-01-14 18:16:55 UTC,,6786a9a455f68071ac001501,C:/TestPlant/cache/em_server/TRS/792/instances/792/suites/EUC.suite/Results/Epic_PRD_TimeStudy/20250114_131518.746/LogFile.txt,[],[],0,2025-01-14 18:15:18 UTC,EpfLogFile,,6786a9a455f68071ac001501,[],,56,2025-01-14T13:16:35-05:00,934 -0500,typeencodedtext,"",<Encoded Text>,169,on_epic_prd_timestudy,Epic_PRD_TimeStudy.script
6786a9a455f68071ac0014fe,2025-01-14 18:15:00 UTC,2025-01-14 18:16:55 UTC,67863cca55f6803b930013ef,672a216555f6809778000006,672a219e55f680644d000012,,,660186ad55f6802f6100000b,EUC_EpicPRD,"",2025-01-14 18:15:02 UTC,2025-01-14 18:16:55 UTC,2025-01-14 18:15:02 UTC,2025-01-14 18:16:53 UTC,2025-01-14 18:16:54 UTC,2025-01-14 19:15:00 UTC,,Run Every: /15 * * * *,1,1,140,200,1,,,,false,792,67863cca55f6803b930013ef,672a216555f6809778000006,672a219e55f680644d000012,,,,,,,,660186ad55f6802f6100000b,,6786a9a455f68071ac001500,2025-01-14 18:15:00 UTC,2025-01-14 18:16:55 UTC,,,6786a9a455f68071ac0014ff,6786a9a455f68071ac0014fe,1,,2025-01-14 18:15:03 UTC,2025-01-14 18:16:53 UTC,200,7.1,792,,,,,,,6786a9a455f68071ac0014ff,6786a9a455f68071ac0014fe,,,6786aa1755f680b658001504,2025-01-14 18:16:55 UTC,2025-01-14 18:16:55 UTC,,6786a9a455f68071ac001501,C:/TestPlant/cache/em_server/TRS/792/instances/792/suites/EUC.suite/Results/Epic_PRD_TimeStudy/20250114_131518.746/LogFile.txt,[],[],0,2025-01-14 18:15:18 UTC,EpfLogFile,,6786a9a455f68071ac001501,[],,57,2025-01-14T13:16:36-05:00,649 -0500,typetext,"",[returnKey],173,on_epic_prd_timestudy,Epic_PRD_TimeStudy.script
6786a9a455f68071ac0014fe,2025-01-14 18:15:00 UTC,2025-01-14 18:16:55 UTC,67863cca55f6803b930013ef,672a216555f6809778000006,672a219e55f680644d000012,,,660186ad55f6802f6100000b,EUC_EpicPRD,"",2025-01-14 18:15:02 UTC,2025-01-14 18:16:55 UTC,2025-01-14 18:15:02 UTC,2025-01-14 18:16:53 UTC,2025-01-14 18:16:54 UTC,2025-01-14 19:15:00 UTC,,Run Every: /15 * * * *,1,1,140,200,1,,,,false,792,67863cca55f6803b930013ef,672a216555f6809778000006,672a219e55f680644d000012,,,,,,,,660186ad55f6802f6100000b,,6786a9a455f68071ac001500,2025-01-14 18:15:00 UTC,2025-01-14 18:16:55 UTC,,,6786a9a455f68071ac0014ff,6786a9a455f68071ac0014fe,1,,2025-01-14 18:15:03 UTC,2025-01-14 18:16:53 UTC,200,7.1,792,,,,,,,6786a9a455f68071ac0014ff,6786a9a455f68071ac0014fe,,,6786aa1755f680b658001504,2025-01-14 18:16:55 UTC,2025-01-14 18:16:55 UTC,,6786a9a455f68071ac001501,C:/TestPlant/cache/em_server/TRS/792/instances/792/suites/EUC.suite/Results/Epic_PRD_TimeStudy/20250114_131518.746/LogFile.txt,[],[],0,2025-01-14 18:15:18 UTC,EpfLogFile,,6786a9a455f68071ac001501,[],,58,2025-01-14T13:16:39-05:00,653 -0500,waitfor,"(TEXT:""SnapShot"")","found at (1260, 190)",174,on_epic_prd_timestudy,Epic_PRD_TimeStudy.script
6786a9a455f68071ac0014fe,2025-01-14 18:15:00 UTC,2025-01-14 18:16:55 UTC,67863cca55f6803b930013ef,672a216555f6809778000006,672a219e55f680644d000012,,,660186ad55f6802f6100000b,EUC_EpicPRD,"",2025-01-14 18:15:02 UTC,2025-01-14 18:16:55 UTC,2025-01-14 18:15:02 UTC,2025-01-14 18:16:53 UTC,2025-01-14 18:16:54 UTC,2025-01-14 19:15:00 UTC,,Run Every: /15 * * * *,1,1,140,200,1,,,,false,792,67863cca55f6803b930013ef,672a216555f6809778000006,672a219e55f680644d000012,,,,,,,,660186ad55f6802f6100000b,,6786a9a455f68071ac001500,2025-01-14 18:15:00 UTC,2025-01-14 18:16:55 UTC,,,6786a9a455f68071ac0014ff,6786a9a455f68071ac0014fe,1,,2025-01-14 18:15:03 UTC,2025-01-14 18:16:53 UTC,200,7.1,792,,,,,,,6786a9a455f68071ac0014ff,6786a9a455f68071ac0014fe,,,6786aa1755f680b658001504,2025-01-14 18:16:55 UTC,2025-01-14 18:16:55 UTC,,6786a9a455f68071ac001501,C:/TestPlant/cache/em_server/TRS/792/instances/792/suites/EUC.suite/Results/Epic_PRD_TimeStudy/20250114_131518.746/LogFile.txt,[],[],0,2025-01-14 18:15:18 UTC,EpfLogFile,,6786a9a455f68071ac001501,[],,59,2025-01-14T13:16:39-05:00,660 -0500,Log,"",3.718 seconds,176,on_epic_prd_timestudy,Epic_PRD_TimeStudy.script
6786a9a455f68071ac0014fe,2025-01-14 18:15:00 UTC,2025-01-14 18:16:55 UTC,67863cca55f6803b930013ef,672a216555f6809778000006,672a219e55f680644d000012,,,660186ad55f6802f6100000b,EUC_EpicPRD,"",2025-01-14 18:15:02 UTC,2025-01-14 18:16:55 UTC,2025-01-14 18:15:02 UTC,2025-01-14 18:16:53 UTC,2025-01-14 18:16:54 UTC,2025-01-14 19:15:00 UTC,,Run Every: /15 * * * *,1,1,140,200,1,,,,false,792,67863cca55f6803b930013ef,672a216555f6809778000006,672a219e55f680644d000012,,,,,,,,660186ad55f6802f6100000b,,6786a9a455f68071ac001500,2025-01-14 18:15:00 UTC,2025-01-14 18:16:55 UTC,,,6786a9a455f68071ac0014ff,6786a9a455f68071ac0014fe,1,,2025-01-14 18:15:03 UTC,2025-01-14 18:16:53 UTC,200,7.1,792,,,,,,,6786a9a455f68071ac0014ff,6786a9a455f68071ac0014fe,,,6786aa1755f680b658001504,2025-01-14 18:16:55 UTC,2025-01-14 18:16:55 UTC,,6786a9a455f68071ac001501,C:/TestPlant/cache/em_server/TRS/792/instances/792/suites/EUC.suite/Results/Epic_PRD_TimeStudy/20250114_131518.746/LogFile.txt,[],[],0,2025-01-14 18:15:18 UTC,EpfLogFile,,6786a9a455f68071ac001501,[],,60,2025-01-14T13:16:39-05:00,756 -0500,click,Button_LogOut_ReadOnly,"at (1832, 45)",180,on_epic_prd_timestudy,Epic_PRD_TimeStudy.script
6786a9a455f68071ac0014fe,2025-01-14 18:15:00 UTC,2025-01-14 18:16:55 UTC,67863cca55f6803b930013ef,672a216555f6809778000006,672a219e55f680644d000012,,,660186ad55f6802f6100000b,EUC_EpicPRD,"",2025-01-14 18:15:02 UTC,2025-01-14 18:16:55 UTC,2025-01-14 18:15:02 UTC,2025-01-14 18:16:53 UTC,2025-01-14 18:16:54 UTC,2025-01-14 19:15:00 UTC,,Run Every: /15 * * * *,1,1,140,200,1,,,,false,792,67863cca55f6803b930013ef,672a216555f6809778000006,672a219e55f680644d000012,,,,,,,,660186ad55f6802f6100000b,,6786a9a455f68071ac001500,2025-01-14 18:15:00 UTC,2025-01-14 18:16:55 UTC,,,6786a9a455f68071ac0014ff,6786a9a455f68071ac0014fe,1,,2025-01-14 18:15:03 UTC,2025-01-14 18:16:53 UTC,200,7.1,792,,,,,,,6786a9a455f68071ac0014ff,6786a9a455f68071ac0014fe,,,6786aa1755f680b658001504,2025-01-14 18:16:55 UTC,2025-01-14 18:16:55 UTC,,6786a9a455f68071ac001501,C:/TestPlant/cache/em_server/TRS/792/instances/792/suites/EUC.suite/Results/Epic_PRD_TimeStudy/20250114_131518.746/LogFile.txt,[],[],0,2025-01-14 18:15:18 UTC,EpfLogFile,,6786a9a455f68071ac001501,[],,61,2025-01-14T13:16:43-05:00,692 -0500,waitfor,Button_Hyperspace_SunAndMoon,"found at (1885, 1007)",181,on_epic_prd_timestudy,Epic_PRD_TimeStudy.script
6786a9a455f68071ac0014fe,2025-01-14 18:15:00 UTC,2025-01-14 18:16:55 UTC,67863cca55f6803b930013ef,672a216555f6809778000006,672a219e55f680644d000012,,,660186ad55f6802f6100000b,EUC_EpicPRD,"",2025-01-14 18:15:02 UTC,2025-01-14 18:16:55 UTC,2025-01-14 18:15:02 UTC,2025-01-14 18:16:53 UTC,2025-01-14 18:16:54 UTC,2025-01-14 19:15:00 UTC,,Run Every: /15 * * * *,1,1,140,200,1,,,,false,792,67863cca55f6803b930013ef,672a216555f6809778000006,672a219e55f680644d000012,,,,,,,,660186ad55f6802f6100000b,,6786a9a455f68071ac001500,2025-01-14 18:15:00 UTC,2025-01-14 18:16:55 UTC,,,6786a9a455f68071ac0014ff,6786a9a455f68071ac0014fe,1,,2025-01-14 18:15:03 UTC,2025-01-14 18:16:53 UTC,200,7.1,792,,,,,,,6786a9a455f68071ac0014ff,6786a9a455f68071ac0014fe,,,6786aa1755f680b658001504,2025-01-14 18:16:55 UTC,2025-01-14 18:16:55 UTC,,6786a9a455f68071ac001501,C:/TestPlant/cache/em_server/TRS/792/instances/792/suites/EUC.suite/Results/Epic_PRD_TimeStudy/20250114_131518.746/LogFile.txt,[],[],0,2025-01-14 18:15:18 UTC,EpfLogFile,,6786a9a455f68071ac001501,[],,62,2025-01-14T13:16:43-05:00,699 -0500,Log,"",4.035 seconds,183,on_epic_prd_timestudy,Epic_PRD_TimeStudy.script
6786a9a455f68071ac0014fe,2025-01-14 18:15:00 UTC,2025-01-14 18:16:55 UTC,67863cca55f6803b930013ef,672a216555f6809778000006,672a219e55f680644d000012,,,660186ad55f6802f6100000b,EUC_EpicPRD,"",2025-01-14 18:15:02 UTC,2025-01-14 18:16:55 UTC,2025-01-14 18:15:02 UTC,2025-01-14 18:16:53 UTC,2025-01-14 18:16:54 UTC,2025-01-14 19:15:00 UTC,,Run Every: /15 * * * *,1,1,140,200,1,,,,false,792,67863cca55f6803b930013ef,672a216555f6809778000006,672a219e55f680644d000012,,,,,,,,660186ad55f6802f6100000b,,6786a9a455f68071ac001500,2025-01-14 18:15:00 UTC,2025-01-14 18:16:55 UTC,,,6786a9a455f68071ac0014ff,6786a9a455f68071ac0014fe,1,,2025-01-14 18:15:03 UTC,2025-01-14 18:16:53 UTC,200,7.1,792,,,,,,,6786a9a455f68071ac0014ff,6786a9a455f68071ac0014fe,,,6786aa1755f680b658001504,2025-01-14 18:16:55 UTC,2025-01-14 18:16:55 UTC,,6786a9a455f68071ac001501,C:/TestPlant/cache/em_server/TRS/792/instances/792/suites/EUC.suite/Results/Epic_PRD_TimeStudy/20250114_131518.746/LogFile.txt,[],[],0,2025-01-14 18:15:18 UTC,EpfLogFile,,6786a9a455f68071ac001501,[],,63,2025-01-14T13:16:44-05:00,726 -0500,typetext,"",[windowsAltKey][F4],187,on_epic_prd_timestudy,Epic_PRD_TimeStudy.script
6786a9a455f68071ac0014fe,2025-01-14 18:15:00 UTC,2025-01-14 18:16:55 UTC,67863cca55f6803b930013ef,672a216555f6809778000006,672a219e55f680644d000012,,,660186ad55f6802f6100000b,EUC_EpicPRD,"",2025-01-14 18:15:02 UTC,2025-01-14 18:16:55 UTC,2025-01-14 18:15:02 UTC,2025-01-14 18:16:53 UTC,2025-01-14 18:16:54 UTC,2025-01-14 19:15:00 UTC,,Run Every: /15 * * * *,1,1,140,200,1,,,,false,792,67863cca55f6803b930013ef,672a216555f6809778000006,672a219e55f680644d000012,,,,,,,,660186ad55f6802f6100000b,,6786a9a455f68071ac001500,2025-01-14 18:15:00 UTC,2025-01-14 18:16:55 UTC,,,6786a9a455f68071ac0014ff,6786a9a455f68071ac0014fe,1,,2025-01-14 18:15:03 UTC,2025-01-14 18:16:53 UTC,200,7.1,792,,,,,,,6786a9a455f68071ac0014ff,6786a9a455f68071ac0014fe,,,6786aa1755f680b658001504,2025-01-14 18:16:55 UTC,2025-01-14 18:16:55 UTC,,6786a9a455f68071ac001501,C:/TestPlant/cache/em_server/TRS/792/instances/792/suites/EUC.suite/Results/Epic_PRD_TimeStudy/20250114_131518.746/LogFile.txt,[],[],0,2025-01-14 18:15:18 UTC,EpfLogFile,,6786a9a455f68071ac001501,[],,64,2025-01-14T13:16:45-05:00,083 -0500,waitfor,Logo_UHapps,"found at (357, 53)",188,on_epic_prd_timestudy,Epic_PRD_TimeStudy.script
6786a9a455f68071ac0014fe,2025-01-14 18:15:00 UTC,2025-01-14 18:16:55 UTC,67863cca55f6803b930013ef,672a216555f6809778000006,672a219e55f680644d000012,,,660186ad55f6802f6100000b,EUC_EpicPRD,"",2025-01-14 18:15:02 UTC,2025-01-14 18:16:55 UTC,2025-01-14 18:15:02 UTC,2025-01-14 18:16:53 UTC,2025-01-14 18:16:54 UTC,2025-01-14 19:15:00 UTC,,Run Every: /15 * * * *,1,1,140,200,1,,,,false,792,67863cca55f6803b930013ef,672a216555f6809778000006,672a219e55f680644d000012,,,,,,,,660186ad55f6802f6100000b,,6786a9a455f68071ac001500,2025-01-14 18:15:00 UTC,2025-01-14 18:16:55 UTC,,,6786a9a455f68071ac0014ff,6786a9a455f68071ac0014fe,1,,2025-01-14 18:15:03 UTC,2025-01-14 18:16:53 UTC,200,7.1,792,,,,,,,6786a9a455f68071ac0014ff,6786a9a455f68071ac0014fe,,,6786aa1755f680b658001504,2025-01-14 18:16:55 UTC,2025-01-14 18:16:55 UTC,,6786a9a455f68071ac001501,C:/TestPlant/cache/em_server/TRS/792/instances/792/suites/EUC.suite/Results/Epic_PRD_TimeStudy/20250114_131518.746/LogFile.txt,[],[],0,2025-01-14 18:15:18 UTC,EpfLogFile,,6786a9a455f68071ac001501,[],,65,2025-01-14T13:16:45-05:00,512 -0500,click,"","at (357, 53)",191,on_epic_prd_timestudy,Epic_PRD_TimeStudy.script
6786a9a455f68071ac0014fe,2025-01-14 18:15:00 UTC,2025-01-14 18:16:55 UTC,67863cca55f6803b930013ef,672a216555f6809778000006,672a219e55f680644d000012,,,660186ad55f6802f6100000b,EUC_EpicPRD,"",2025-01-14 18:15:02 UTC,2025-01-14 18:16:55 UTC,2025-01-14 18:15:02 UTC,2025-01-14 18:16:53 UTC,2025-01-14 18:16:54 UTC,2025-01-14 19:15:00 UTC,,Run Every: /15 * * * *,1,1,140,200,1,,,,false,792,67863cca55f6803b930013ef,672a216555f6809778000006,672a219e55f680644d000012,,,,,,,,660186ad55f6802f6100000b,,6786a9a455f68071ac001500,2025-01-14 18:15:00 UTC,2025-01-14 18:16:55 UTC,,,6786a9a455f68071ac0014ff,6786a9a455f68071ac0014fe,1,,2025-01-14 18:15:03 UTC,2025-01-14 18:16:53 UTC,200,7.1,792,,,,,,,6786a9a455f68071ac0014ff,6786a9a455f68071ac0014fe,,,6786aa1755f680b658001504,2025-01-14 18:16:55 UTC,2025-01-14 18:16:55 UTC,,6786a9a455f68071ac001501,C:/TestPlant/cache/em_server/TRS/792/instances/792/suites/EUC.suite/Results/Epic_PRD_TimeStudy/20250114_131518.746/LogFile.txt,[],[],0,2025-01-14 18:15:18 UTC,EpfLogFile,,6786a9a455f68071ac001501,[],,66,2025-01-14T13:16:46-05:00,236 -0500,typetext,"",[windowsAltKey][F4],192,on_epic_prd_timestudy,Epic_PRD_TimeStudy.script
6786a9a455f68071ac0014fe,2025-01-14 18:15:00 UTC,2025-01-14 18:16:55 UTC,67863cca55f6803b930013ef,672a216555f6809778000006,672a219e55f680644d000012,,,660186ad55f6802f6100000b,EUC_EpicPRD,"",2025-01-14 18:15:02 UTC,2025-01-14 18:16:55 UTC,2025-01-14 18:15:02 UTC,2025-01-14 18:16:53 UTC,2025-01-14 18:16:54 UTC,2025-01-14 19:15:00 UTC,,Run Every: /15 * * * *,1,1,140,200,1,,,,false,792,67863cca55f6803b930013ef,672a216555f6809778000006,672a219e55f680644d000012,,,,,,,,660186ad55f6802f6100000b,,6786a9a455f68071ac001500,2025-01-14 18:15:00 UTC,2025-01-14 18:16:55 UTC,,,6786a9a455f68071ac0014ff,6786a9a455f68071ac0014fe,1,,2025-01-14 18:15:03 UTC,2025-01-14 18:16:53 UTC,200,7.1,792,,,,,,,6786a9a455f68071ac0014ff,6786a9a455f68071ac0014fe,,,6786aa1755f680b658001504,2025-01-14 18:16:55 UTC,2025-01-14 18:16:55 UTC,,6786a9a455f68071ac001501,C:/TestPlant/cache/em_server/TRS/792/instances/792/suites/EUC.suite/Results/Epic_PRD_TimeStudy/20250114_131518.746/LogFile.txt,[],[],0,2025-01-14 18:15:18 UTC,EpfLogFile,,6786a9a455f68071ac001501,[],,67,2025-01-14T13:16:46-05:00,963 -0500,typetext,"",[windowsKey]r,195,on_epic_prd_timestudy,Epic_PRD_TimeStudy.script
6786a9a455f68071ac0014fe,2025-01-14 18:15:00 UTC,2025-01-14 18:16:55 UTC,67863cca55f6803b930013ef,672a216555f6809778000006,672a219e55f680644d000012,,,660186ad55f6802f6100000b,EUC_EpicPRD,"",2025-01-14 18:15:02 UTC,2025-01-14 18:16:55 UTC,2025-01-14 18:15:02 UTC,2025-01-14 18:16:53 UTC,2025-01-14 18:16:54 UTC,2025-01-14 19:15:00 UTC,,Run Every: /15 * * * *,1,1,140,200,1,,,,false,792,67863cca55f6803b930013ef,672a216555f6809778000006,672a219e55f680644d000012,,,,,,,,660186ad55f6802f6100000b,,6786a9a455f68071ac001500,2025-01-14 18:15:00 UTC,2025-01-14 18:16:55 UTC,,,6786a9a455f68071ac0014ff,6786a9a455f68071ac0014fe,1,,2025-01-14 18:15:03 UTC,2025-01-14 18:16:53 UTC,200,7.1,792,,,,,,,6786a9a455f68071ac0014ff,6786a9a455f68071ac0014fe,,,6786aa1755f680b658001504,2025-01-14 18:16:55 UTC,2025-01-14 18:16:55 UTC,,6786a9a455f68071ac001501,C:/TestPlant/cache/em_server/TRS/792/instances/792/suites/EUC.suite/Results/Epic_PRD_TimeStudy/20250114_131518.746/LogFile.txt,[],[],0,2025-01-14 18:15:18 UTC,EpfLogFile,,6786a9a455f68071ac001501,[],,68,2025-01-14T13:16:47-05:00,305 -0500,waitfor,Icon_WindowsRun,"found at (34, 896)",196,on_epic_prd_timestudy,Epic_PRD_TimeStudy.script
6786a9a455f68071ac0014fe,2025-01-14 18:15:00 UTC,2025-01-14 18:16:55 UTC,67863cca55f6803b930013ef,672a216555f6809778000006,672a219e55f680644d000012,,,660186ad55f6802f6100000b,EUC_EpicPRD,"",2025-01-14 18:15:02 UTC,2025-01-14 18:16:55 UTC,2025-01-14 18:15:02 UTC,2025-01-14 18:16:53 UTC,2025-01-14 18:16:54 UTC,2025-01-14 19:15:00 UTC,,Run Every: /15 * * * *,1,1,140,200,1,,,,false,792,67863cca55f6803b930013ef,672a216555f6809778000006,672a219e55f680644d000012,,,,,,,,660186ad55f6802f6100000b,,6786a9a455f68071ac001500,2025-01-14 18:15:00 UTC,2025-01-14 18:16:55 UTC,,,6786a9a455f68071ac0014ff,6786a9a455f68071ac0014fe,1,,2025-01-14 18:15:03 UTC,2025-01-14 18:16:53 UTC,200,7.1,792,,,,,,,6786a9a455f68071ac0014ff,6786a9a455f68071ac0014fe,,,6786aa1755f680b658001504,2025-01-14 18:16:55 UTC,2025-01-14 18:16:55 UTC,,6786a9a455f68071ac001501,C:/TestPlant/cache/em_server/TRS/792/instances/792/suites/EUC.suite/Results/Epic_PRD_TimeStudy/20250114_131518.746/LogFile.txt,[],[],0,2025-01-14 18:15:18 UTC,EpfLogFile,,6786a9a455f68071ac001501,[],,69,2025-01-14T13:16:47-05:00,756 -0500,typetext,"",logoff[returnKey],197,on_epic_prd_timestudy,Epic_PRD_TimeStudy.script
6786a9a455f68071ac0014fe,2025-01-14 18:15:00 UTC,2025-01-14 18:16:55 UTC,67863cca55f6803b930013ef,672a216555f6809778000006,672a219e55f680644d000012,,,660186ad55f6802f6100000b,EUC_EpicPRD,"",2025-01-14 18:15:02 UTC,2025-01-14 18:16:55 UTC,2025-01-14 18:15:02 UTC,2025-01-14 18:16:53 UTC,2025-01-14 18:16:54 UTC,2025-01-14 19:15:00 UTC,,Run Every: /15 * * * *,1,1,140,200,1,,,,false,792,67863cca55f6803b930013ef,672a216555f6809778000006,672a219e55f680644d000012,,,,,,,,660186ad55f6802f6100000b,,6786a9a455f68071ac001500,2025-01-14 18:15:00 UTC,2025-01-14 18:16:55 UTC,,,6786a9a455f68071ac0014ff,6786a9a455f68071ac0014fe,1,,2025-01-14 18:15:03 UTC,2025-01-14 18:16:53 UTC,200,7.1,792,,,,,,,6786a9a455f68071ac0014ff,6786a9a455f68071ac0014fe,,,6786aa1755f680b658001504,2025-01-14 18:16:55 UTC,2025-01-14 18:16:55 UTC,,6786a9a455f68071ac001501,C:/TestPlant/cache/em_server/TRS/792/instances/792/suites/EUC.suite/Results/Epic_PRD_TimeStudy/20250114_131518.746/LogFile.txt,[],[],0,2025-01-14 18:15:18 UTC,EpfLogFile,,6786a9a455f68071ac001501,[],,70,2025-01-14T13:16:47-05:00,771 -0500,Disconnect,"",SCOUTBEES107,198,on_epic_prd_timestudy,Epic_PRD_TimeStudy.script
6786a9a455f68071ac0014fe,2025-01-14 18:15:00 UTC,2025-01-14 18:16:55 UTC,67863cca55f6803b930013ef,672a216555f6809778000006,672a219e55f680644d000012,,,660186ad55f6802f6100000b,EUC_EpicPRD,"",2025-01-14 18:15:02 UTC,2025-01-14 18:16:55 UTC,2025-01-14 18:15:02 UTC,2025-01-14 18:16:53 UTC,2025-01-14 18:16:54 UTC,2025-01-14 19:15:00 UTC,,Run Every: /15 * * * *,1,1,140,200,1,,,,false,792,67863cca55f6803b930013ef,672a216555f6809778000006,672a219e55f680644d000012,,,,,,,,660186ad55f6802f6100000b,,6786a9a455f68071ac001500,2025-01-14 18:15:00 UTC,2025-01-14 18:16:55 UTC,,,6786a9a455f68071ac0014ff,6786a9a455f68071ac0014fe,1,,2025-01-14 18:15:03 UTC,2025-01-14 18:16:53 UTC,200,7.1,792,,,,,,,6786a9a455f68071ac0014ff,6786a9a455f68071ac0014fe,,,6786aa1755f680b658001504,2025-01-14 18:16:55 UTC,2025-01-14 18:16:55 UTC,,6786a9a455f68071ac001501,C:/TestPlant/cache/em_server/TRS/792/instances/792/suites/EUC.suite/Results/Epic_PRD_TimeStudy/20250114_131518.746/LogFile.txt,[],[],0,2025-01-14 18:15:18 UTC,EpfLogFile,,6786a9a455f68071ac001501,[],,71,2025-01-14T13:16:47-05:00,789 -0500,EndTestCase,"","(Duration:""89.03"", Errors:""0"", Exceptions:""0"", StartTime:""2025-01-14 13:15:18 -0500"", Successes:""1"", TestCase:""Epic_PRD_TimeStudy.script"", Warnings:""0"")",,,
6786a9a455f68071ac0014fe,2025-01-14 18:15:00 UTC,2025-01-14 18:16:55 UTC,67863cca55f6803b930013ef,672a216555f6809778000006,672a219e55f680644d000012,,,660186ad55f6802f6100000b,EUC_EpicPRD,"",2025-01-14 18:15:02 UTC,2025-01-14 18:16:55 UTC,2025-01-14 18:15:02 UTC,2025-01-14 18:16:53 UTC,2025-01-14 18:16:54 UTC,2025-01-14 19:15:00 UTC,,Run Every: /15 * * * *,1,1,140,200,1,,,,false,792,67863cca55f6803b930013ef,672a216555f6809778000006,672a219e55f680644d000012,,,,,,,,660186ad55f6802f6100000b,,6786a9a455f68071ac001500,2025-01-14 18:15:00 UTC,2025-01-14 18:16:55 UTC,,,6786a9a455f68071ac0014ff,6786a9a455f68071ac0014fe,1,,2025-01-14 18:15:03 UTC,2025-01-14 18:16:53 UTC,200,7.1,792,,,,,,,6786a9a455f68071ac0014ff,6786a9a455f68071ac0014fe,,,6786aa1755f680b658001504,2025-01-14 18:16:55 UTC,2025-01-14 18:16:55 UTC,,6786a9a455f68071ac001501,C:/TestPlant/cache/em_server/TRS/792/instances/792/suites/EUC.suite/Results/Epic_PRD_TimeStudy/20250114_131518.746/LogFile.txt,[],[],0,2025-01-14 18:15:18 UTC,EpfLogFile,,6786a9a455f68071ac001501,[],,72,2025-01-14T13:16:47-05:00,813 -0500,SUCCESS,"",Execution Time 0:01:29 Epic_PRD_TimeStudy.script,,,
